platform,page_type,url,source_url,city,keyword
ncss_jobs,detail,https://www.ncss.cn/student/jobs/PT5aEZ6uJtqN8TGbfCUhjZ/detail.html,https://www.ncss.cn/student/jobs/index.html,北京,Python
ncss_jobs,detail,https://www.ncss.cn/student/jobs/VHg3X6rwT18P5GNrotc1vr/detail.html,https://www.ncss.cn/student/jobs/index.html,北京,Python
ncss_jobs,detail,https://www.ncss.cn/student/jobs/5qtuMPCMVhJaRWu2pbdt2z/detail.html,https://www.ncss.cn/student/jobs/index.html,北京,Python
ncss_jobs,detail,https://www.ncss.cn/student/jobs/SRixvcfCjNm2R8TNW4oHNn/detail.html,https://www.ncss.cn/student/jobs/index.html,北京,Python
ncss_jobs,detail,https://www.ncss.cn/student/jobs/6yasvnvfaFhe9EDQ77mnmR/detail.html,https://www.ncss.cn/student/jobs/index.html,北京,Python
ncss_jobs,detail,https://www.ncss.cn/student/jobs/GFSziDC7WcqswQe7vikRUX/detail.html,https://www.ncss.cn/student/jobs/index.html,北京,Python
ncss_jobs,detail,https://www.ncss.cn/student/jobs/NeSseuzK83hCQ5pjL1Tpxs/detail.html,https://www.ncss.cn/student/jobs/index.html,北京,Python
ncss_jobs,detail,https://www.ncss.cn/student/jobs/4JZf9dDr8FDWtGKFTEkdo2/detail.html,https://www.ncss.cn/student/jobs/index.html,北京,Python
ncss_jobs,detail,https://www.ncss.cn/student/jobs/2F2dTwccYR7xegh7LrFGgR/detail.html,https://www.ncss.cn/student/jobs/index.html,北京,Python
ncss_jobs,detail,https://www.ncss.cn/student/jobs/L4CVTNZwPqU8Ehu5gkVCBB/detail.html,https://www.ncss.cn/student/jobs/index.html,北京,Python
ncss_jobs,detail,https://www.ncss.cn/student/jobs/T3gd37x4TgeKe1ZYADTfJN/detail.html,https://www.ncss.cn/student/jobs/index.html,北京,Python
ncss_jobs,detail,https://www.ncss.cn/student/jobs/2vHTYSv8JCWckhZ71Lpj9t/detail.html,https://www.ncss.cn/student/jobs/index.html,北京,Python
ncss_jobs,detail,https://www.ncss.cn/student/jobs/73Tu37EniT38KMyNc6yMXQ/detail.html,https://www.ncss.cn/student/jobs/index.html,北京,Python
ncss_jobs,detail,https://www.ncss.cn/student/jobs/JSHZqEsCg7pHtcwfPEqhzD/detail.html,https://www.ncss.cn/student/jobs/index.html,北京,Python
ncss_jobs,detail,https://www.ncss.cn/student/jobs/Nge8YqrnPevgZx6VS6gowC/detail.html,https://www.ncss.cn/student/jobs/index.html,北京,Python
ncss_jobs,detail,https://www.ncss.cn/student/jobs/33eb9ZxGYHZnnAQ17eeHGb/detail.html,https://www.ncss.cn/student/jobs/index.html,北京,Python
ncss_jobs,detail,https://www.ncss.cn/student/jobs/CZNfSz8dnXffNyuwFAme3h/detail.html,https://www.ncss.cn/student/jobs/index.html,北京,Python
ncss_jobs,detail,https://www.ncss.cn/student/jobs/3WKymhEymnDjjf6XRiRUFh/detail.html,https://www.ncss.cn/student/jobs/index.html,北京,Python
ncss_jobs,detail,https://www.ncss.cn/student/jobs/EAfy1iVHBA8CWnV4VoE7H7/detail.html,https://www.ncss.cn/student/jobs/index.html,北京,Python
ncss_jobs,detail,https://www.ncss.cn/student/jobs/zNwMH93Mm6NQCVBobnL6b/detail.html,https://www.ncss.cn/student/jobs/index.html,北京,Python
ncss_jobs,detail,https://www.ncss.cn/student/jobs/9XKgymrtJ3Pa1sHLN1AiTk/detail.html,https://www.ncss.cn/student/jobs/index.html,北京,Python
ncss_jobs,detail,https://www.ncss.cn/student/jobs/FnKUrW7MetULGTktfkEzzp/detail.html,https://www.ncss.cn/student/jobs/index.html,北京,Python
ncss_jobs,detail,https://www.ncss.cn/student/jobs/FumNyLFBnMWbmP383qrdj5/detail.html,https://www.ncss.cn/student/jobs/index.html,北京,Python
ncss_jobs,detail,https://www.ncss.cn/student/jobs/Fz8vCjQLPdyNXgySuvvc64/detail.html,https://www.ncss.cn/student/jobs/index.html,北京,Python
ncss_jobs,detail,https://www.ncss.cn/student/jobs/LwKyHdksY6zV8tNNxwDkkQ/detail.html,https://www.ncss.cn/student/jobs/index.html,北京,Python
ncss_jobs,detail,https://www.ncss.cn/student/jobs/EgpSPABBSAyHbzC2y4qnYr/detail.html,https://www.ncss.cn/student/jobs/index.html,北京,Python
ncss_jobs,detail,https://www.ncss.cn/student/jobs/2eaTfSYtTJfJA48bXCY1C2/detail.html,https://www.ncss.cn/student/jobs/index.html,北京,Python
ncss_jobs,detail,https://www.ncss.cn/student/jobs/Q8TBtpEDwx3ae868t28iub/detail.html,https://www.ncss.cn/student/jobs/index.html,北京,Python
ncss_jobs,detail,https://www.ncss.cn/student/jobs/ENQHc3Pa56hY9d6b6ibh8c/detail.html,https://www.ncss.cn/student/jobs/index.html,北京,Python
ncss_jobs,detail,https://www.ncss.cn/student/jobs/9tFLUrD5nLoDpybNrfkb4z/detail.html,https://www.ncss.cn/student/jobs/index.html,北京,Python
ncss_jobs,detail,https://www.ncss.cn/student/jobs/H5Wx7uyKdgcqJAxawLYTJC/detail.html,https://www.ncss.cn/student/jobs/index.html,北京,Python
ncss_jobs,detail,https://www.ncss.cn/student/jobs/Uq4wfidA7CQrtxe7VaG2nw/detail.html,https://www.ncss.cn/student/jobs/index.html,北京,Python
ncss_jobs,detail,https://www.ncss.cn/student/jobs/TmSgbH8aCncr98uaWxMm1q/detail.html,https://www.ncss.cn/student/jobs/index.html,北京,Python
ncss_jobs,detail,https://www.ncss.cn/student/jobs/RNSub42H2y8a7sFp57SxYu/detail.html,https://www.ncss.cn/student/jobs/index.html,北京,Python
ncss_jobs,detail,https://www.ncss.cn/student/jobs/8xh3DDidDDTq6HdxYkxXmv/detail.html,https://www.ncss.cn/student/jobs/index.html,北京,Python
ncss_jobs,detail,https://www.ncss.cn/student/jobs/Df4AuJFdWjBKxG3bySWJe2/detail.html,https://www.ncss.cn/student/jobs/index.html,北京,Python
ncss_jobs,detail,https://www.ncss.cn/student/jobs/5wACKVrwpJsmN1Pn4JjqLF/detail.html,https://www.ncss.cn/student/jobs/index.html,北京,Python
ncss_jobs,detail,https://www.ncss.cn/student/jobs/Lx69ujpxfjP75tp7dkSPAm/detail.html,https://www.ncss.cn/student/jobs/index.html,北京,Python
ncss_jobs,detail,https://www.ncss.cn/student/jobs/Vd3akdoMmhkzYapysGjJqD/detail.html,https://www.ncss.cn/student/jobs/index.html,北京,Python
ncss_jobs,detail,https://www.ncss.cn/student/jobs/5ci14bDG6S77bDdWzmc5V9/detail.html,https://www.ncss.cn/student/jobs/index.html,北京,Python
ncss_jobs,detail,https://www.ncss.cn/student/jobs/Wr6nANedAMKh8xSrVsBzGE/detail.html,https://www.ncss.cn/student/jobs/index.html,北京,Python
ncss_jobs,detail,https://www.ncss.cn/student/jobs/PVLBN3n2cedkNFU9LrUh2C/detail.html,https://www.ncss.cn/student/jobs/index.html,北京,Python
ncss_jobs,detail,https://www.ncss.cn/student/jobs/BFpSdvb5MN2GbBQnkpaZ32/detail.html,https://www.ncss.cn/student/jobs/index.html,北京,Python
ncss_jobs,detail,https://www.ncss.cn/student/jobs/L1iorcZvMLhkeLzGk2pRrW/detail.html,https://www.ncss.cn/student/jobs/index.html,北京,Python
ncss_jobs,detail,https://www.ncss.cn/student/jobs/DTZwVxB65atE9NrmBECBUZ/detail.html,https://www.ncss.cn/student/jobs/index.html,北京,Python
ncss_jobs,detail,https://www.ncss.cn/student/jobs/FJjh79j5MyCyFdPejpxN2d/detail.html,https://www.ncss.cn/student/jobs/index.html,北京,Python
ncss_jobs,detail,https://www.ncss.cn/student/jobs/Vy3H6DpUMVAG4RSEynazEA/detail.html,https://www.ncss.cn/student/jobs/index.html,北京,Python
ncss_jobs,detail,https://www.ncss.cn/student/jobs/ENWyW7j6DiU8a9B8hNUsEk/detail.html,https://www.ncss.cn/student/jobs/index.html,北京,Python
ncss_jobs,detail,https://www.ncss.cn/student/jobs/SVPZ5QpqRkaAG6uP6LPcVG/detail.html,https://www.ncss.cn/student/jobs/index.html,北京,Python
ncss_jobs,detail,https://www.ncss.cn/student/jobs/GEG8ywDgHJMynyqq59KRzv/detail.html,https://www.ncss.cn/student/jobs/index.html,北京,Python
ncss_jobs,detail,https://www.ncss.cn/student/jobs/LVcvU4QVwDEgvDtht7DJV5/detail.html,https://www.ncss.cn/student/jobs/index.html,北京,Python
ncss_jobs,detail,https://www.ncss.cn/student/jobs/GQBAJz7PLkmXYdJsCyYrp5/detail.html,https://www.ncss.cn/student/jobs/index.html,北京,Python
ncss_jobs,detail,https://www.ncss.cn/student/jobs/UQvEhL55C9H2MdHm1VH8Jo/detail.html,https://www.ncss.cn/student/jobs/index.html,北京,Python
ncss_jobs,detail,https://www.ncss.cn/student/jobs/HdKTHTXJncjACWckAYskcJ/detail.html,https://www.ncss.cn/student/jobs/index.html,北京,Python
ncss_jobs,detail,https://www.ncss.cn/student/jobs/TsxcFp6Fk21WJLj7nXctc9/detail.html,https://www.ncss.cn/student/jobs/index.html,北京,Python
ncss_jobs,detail,https://www.ncss.cn/student/jobs/WGctk9BpeERz5jymNyK68i/detail.html,https://www.ncss.cn/student/jobs/index.html,北京,Python
ncss_jobs,detail,https://www.ncss.cn/student/jobs/RejEvpN8P148AQPNhawo1e/detail.html,https://www.ncss.cn/student/jobs/index.html,北京,Python
ncss_jobs,detail,https://www.ncss.cn/student/jobs/Vkny8UeF3UocZ6m19LnQf2/detail.html,https://www.ncss.cn/student/jobs/index.html,北京,Python
ncss_jobs,detail,https://www.ncss.cn/student/jobs/SmTLCoE6s2u7AUxy938eX2/detail.html,https://www.ncss.cn/student/jobs/index.html,北京,Python
ncss_jobs,detail,https://www.ncss.cn/student/jobs/EvcrkjKtomhEaW7Fw91Uip/detail.html,https://www.ncss.cn/student/jobs/index.html,北京,Python
ncss_jobs,detail,https://www.ncss.cn/student/jobs/YAjL3wvp9KJ8kzd2756Sgz/detail.html,https://www.ncss.cn/student/jobs/index.html,北京,数据分析
ncss_jobs,detail,https://www.ncss.cn/student/jobs/btHqKuPpvqwaqKd7pm5Vn/detail.html,https://www.ncss.cn/student/jobs/index.html,北京,数据分析
ncss_jobs,detail,https://www.ncss.cn/student/jobs/DSJFQP8teepbX5p1sEuwRz/detail.html,https://www.ncss.cn/student/jobs/index.html,北京,数据分析
ncss_jobs,detail,https://www.ncss.cn/student/jobs/ELddBAvpDMcYudynVKDqmb/detail.html,https://www.ncss.cn/student/jobs/index.html,北京,数据分析
ncss_jobs,detail,https://www.ncss.cn/student/jobs/ENRbS834YfHXuC3pQ5MJru/detail.html,https://www.ncss.cn/student/jobs/index.html,北京,数据分析
ncss_jobs,detail,https://www.ncss.cn/student/jobs/FFUL1EhxAXVFw4jYVpk5eC/detail.html,https://www.ncss.cn/student/jobs/index.html,北京,数据分析
ncss_jobs,detail,https://www.ncss.cn/student/jobs/6rGyjsrFzwpsSc1F6ByEp4/detail.html,https://www.ncss.cn/student/jobs/index.html,北京,数据分析
ncss_jobs,detail,https://www.ncss.cn/student/jobs/PD7xh3JTEeYcERgx5TzctD/detail.html,https://www.ncss.cn/student/jobs/index.html,北京,数据分析
ncss_jobs,detail,https://www.ncss.cn/student/jobs/MF98pQFrd7UqauiymVgzQF/detail.html,https://www.ncss.cn/student/jobs/index.html,北京,数据分析
ncss_jobs,detail,https://www.ncss.cn/student/jobs/RsgdWN718KkS9AD4h2Gn7v/detail.html,https://www.ncss.cn/student/jobs/index.html,北京,数据分析
ncss_jobs,detail,https://www.ncss.cn/student/jobs/AX8ewgFzHVUYgzeANZzXwq/detail.html,https://www.ncss.cn/student/jobs/index.html,北京,数据分析
ncss_jobs,detail,https://www.ncss.cn/student/jobs/8XXomjmZ2CsJJeGMd7bFQR/detail.html,https://www.ncss.cn/student/jobs/index.html,北京,数据分析
ncss_jobs,detail,https://www.ncss.cn/student/jobs/DLzKMHBuSwHz144VMJNtop/detail.html,https://www.ncss.cn/student/jobs/index.html,北京,数据分析
ncss_jobs,detail,https://www.ncss.cn/student/jobs/Ub38RdX5dE2udvnEeJaUeF/detail.html,https://www.ncss.cn/student/jobs/index.html,北京,数据分析
ncss_jobs,detail,https://www.ncss.cn/student/jobs/WJBzmtCXRNNYqQALuNWKFH/detail.html,https://www.ncss.cn/student/jobs/index.html,北京,数据分析
ncss_jobs,detail,https://www.ncss.cn/student/jobs/X9D97PL1nEuQRw5UJknos3/detail.html,https://www.ncss.cn/student/jobs/index.html,北京,数据分析
ncss_jobs,detail,https://www.ncss.cn/student/jobs/SzYEfReU7Nkuoqa2UUn9rB/detail.html,https://www.ncss.cn/student/jobs/index.html,北京,数据分析
ncss_jobs,detail,https://www.ncss.cn/student/jobs/HUvCnMwkTMSpa153T2BKP2/detail.html,https://www.ncss.cn/student/jobs/index.html,北京,数据分析
ncss_jobs,detail,https://www.ncss.cn/student/jobs/BCpxdoyGicj5ZfZS8rRa2y/detail.html,https://www.ncss.cn/student/jobs/index.html,北京,数据分析
ncss_jobs,detail,https://www.ncss.cn/student/jobs/C1AYom53jCPNwGwMfsJd3X/detail.html,https://www.ncss.cn/student/jobs/index.html,北京,数据分析
ncss_jobs,detail,https://www.ncss.cn/student/jobs/FsUJCo2os6CV8e8DS4jycz/detail.html,https://www.ncss.cn/student/jobs/index.html,北京,数据分析
ncss_jobs,detail,https://www.ncss.cn/student/jobs/URrKqPmhrR2biJLgduYjub/detail.html,https://www.ncss.cn/student/jobs/index.html,北京,数据分析
ncss_jobs,detail,https://www.ncss.cn/student/jobs/RQgLaoZJuaYCmHwBGLsTaf/detail.html,https://www.ncss.cn/student/jobs/index.html,北京,数据分析
ncss_jobs,detail,https://www.ncss.cn/student/jobs/2SCzPubfeAV29kCTbiPRMX/detail.html,https://www.ncss.cn/student/jobs/index.html,北京,数据分析
ncss_jobs,detail,https://www.ncss.cn/student/jobs/YYnJhrv8SnCqrr6a5SysEP/detail.html,https://www.ncss.cn/student/jobs/index.html,北京,数据分析
ncss_jobs,detail,https://www.ncss.cn/student/jobs/FnRozENV8EoSpiXdLBGjzm/detail.html,https://www.ncss.cn/student/jobs/index.html,北京,数据分析
ncss_jobs,detail,https://www.ncss.cn/student/jobs/H96BB9meWhAdqwqjn7oT6A/detail.html,https://www.ncss.cn/student/jobs/index.html,北京,数据分析
ncss_jobs,detail,https://www.ncss.cn/student/jobs/7SxQhCyAmrhKKoCyNEfkaP/detail.html,https://www.ncss.cn/student/jobs/index.html,北京,数据分析
ncss_jobs,detail,https://www.ncss.cn/student/jobs/ErC6z3mVBhQwxkWG17hW5m/detail.html,https://www.ncss.cn/student/jobs/index.html,北京,数据分析
ncss_jobs,detail,https://www.ncss.cn/student/jobs/7ngg16CtijV1WqCxjo6YK6/detail.html,https://www.ncss.cn/student/jobs/index.html,北京,数据分析
ncss_jobs,detail,https://www.ncss.cn/student/jobs/Ag2Xtmxf5oLvLYMg58b5dh/detail.html,https://www.ncss.cn/student/jobs/index.html,北京,数据分析
ncss_jobs,detail,https://www.ncss.cn/student/jobs/56MKp2KoW9sq5DfjpGTrdw/detail.html,https://www.ncss.cn/student/jobs/index.html,北京,数据分析
ncss_jobs,detail,https://www.ncss.cn/student/jobs/HJ3otrLZ9wf2m6cb8kGcm4/detail.html,https://www.ncss.cn/student/jobs/index.html,北京,数据分析
ncss_jobs,detail,https://www.ncss.cn/student/jobs/UFbCyBXEtgRCBLPMeK7Bq/detail.html,https://www.ncss.cn/student/jobs/index.html,北京,数据分析
ncss_jobs,detail,https://www.ncss.cn/student/jobs/YFE6ixpxdHxQs7M1LqEZzf/detail.html,https://www.ncss.cn/student/jobs/index.html,北京,数据分析
ncss_jobs,detail,https://www.ncss.cn/student/jobs/Mnf1KdVjmpZQwCa7PhaRXM/detail.html,https://www.ncss.cn/student/jobs/index.html,北京,数据分析
ncss_jobs,detail,https://www.ncss.cn/student/jobs/SQAn3tAocPLPDHxmxoVTvb/detail.html,https://www.ncss.cn/student/jobs/index.html,北京,数据分析
ncss_jobs,detail,https://www.ncss.cn/student/jobs/DryEmvwPLa3bX5RcYfnwpk/detail.html,https://www.ncss.cn/student/jobs/index.html,北京,数据分析
ncss_jobs,detail,https://www.ncss.cn/student/jobs/EDUByR3HyVGM3GX3D7T2tF/detail.html,https://www.ncss.cn/student/jobs/index.html,北京,数据分析
ncss_jobs,detail,https://www.ncss.cn/student/jobs/FgvaLd9Hr44TXBWVW2xBYj/detail.html,https://www.ncss.cn/student/jobs/index.html,北京,数据分析
ncss_jobs,detail,https://www.ncss.cn/student/jobs/H44Nrsfn3AAUG81tY2WRN8/detail.html,https://www.ncss.cn/student/jobs/index.html,北京,数据分析
ncss_jobs,detail,https://www.ncss.cn/student/jobs/4HM8v2n28RCM4TLDr5617k/detail.html,https://www.ncss.cn/student/jobs/index.html,北京,数据分析
ncss_jobs,detail,https://www.ncss.cn/student/jobs/4iuR7yWTk3B2BFE19cLsc4/detail.html,https://www.ncss.cn/student/jobs/index.html,北京,数据分析
ncss_jobs,detail,https://www.ncss.cn/student/jobs/VeCy89Jgxo7tyUi7HXaU8q/detail.html,https://www.ncss.cn/student/jobs/index.html,北京,数据分析
ncss_jobs,detail,https://www.ncss.cn/student/jobs/57zLmvEaF9fZAaDkn27Sah/detail.html,https://www.ncss.cn/student/jobs/index.html,北京,数据分析
ncss_jobs,detail,https://www.ncss.cn/student/jobs/5CQeTQ35eKB5ii3VMWfndo/detail.html,https://www.ncss.cn/student/jobs/index.html,北京,数据分析
ncss_jobs,detail,https://www.ncss.cn/student/jobs/AEtA4YGaD47tP9pu8KJALD/detail.html,https://www.ncss.cn/student/jobs/index.html,北京,数据分析
ncss_jobs,detail,https://www.ncss.cn/student/jobs/ETc2RnvzFnJiaBWQH9KJgU/detail.html,https://www.ncss.cn/student/jobs/index.html,北京,数据分析
ncss_jobs,detail,https://www.ncss.cn/student/jobs/2KeChDPKRJSu14XRYKjNGP/detail.html,https://www.ncss.cn/student/jobs/index.html,北京,数据分析
ncss_jobs,detail,https://www.ncss.cn/student/jobs/XupjSkoxWE4sLbxtb8nNVt/detail.html,https://www.ncss.cn/student/jobs/index.html,北京,数据分析
ncss_jobs,detail,https://www.ncss.cn/student/jobs/BcZsJGX443XvqeEr4SWmcu/detail.html,https://www.ncss.cn/student/jobs/index.html,北京,数据分析
ncss_jobs,detail,https://www.ncss.cn/student/jobs/FHy32vtTzxSGiZJPbhPjis/detail.html,https://www.ncss.cn/student/jobs/index.html,北京,数据分析
ncss_jobs,detail,https://www.ncss.cn/student/jobs/H2dgQ3qHxsjEmsbeJjXuvu/detail.html,https://www.ncss.cn/student/jobs/index.html,北京,数据分析
ncss_jobs,detail,https://www.ncss.cn/student/jobs/EyAAhXx49a68LBTmPACrSN/detail.html,https://www.ncss.cn/student/jobs/index.html,北京,数据分析
ncss_jobs,detail,https://www.ncss.cn/student/jobs/CLXmWUuBtJPfgm12Ap11EF/detail.html,https://www.ncss.cn/student/jobs/index.html,北京,数据分析
ncss_jobs,detail,https://www.ncss.cn/student/jobs/U8Uybna3j8aPEf6UR8NbBB/detail.html,https://www.ncss.cn/student/jobs/index.html,北京,数据分析
ncss_jobs,detail,https://www.ncss.cn/student/jobs/CwqeSHM8x4tvJ56E45cMFj/detail.html,https://www.ncss.cn/student/jobs/index.html,北京,数据分析
ncss_jobs,detail,https://www.ncss.cn/student/jobs/FeWX6oeV6N91T2go7BAdLn/detail.html,https://www.ncss.cn/student/jobs/index.html,北京,数据分析
ncss_jobs,detail,https://www.ncss.cn/student/jobs/NXBv3fGJvzmsoHvTeR9JvE/detail.html,https://www.ncss.cn/student/jobs/index.html,北京,数据分析
ncss_jobs,detail,https://www.ncss.cn/student/jobs/4ScwxTeRFnwQhfwZT77LrX/detail.html,https://www.ncss.cn/student/jobs/index.html,北京,数据分析
ncss_jobs,detail,https://www.ncss.cn/student/jobs/WEAX3CTVx6rFmzYBg2R4Ko/detail.html,https://www.ncss.cn/student/jobs/index.html,北京,运营
ncss_jobs,detail,https://www.ncss.cn/student/jobs/YKpdsnhGgV4nFn9LfeWZuS/detail.html,https://www.ncss.cn/student/jobs/index.html,北京,运营
ncss_jobs,detail,https://www.ncss.cn/student/jobs/YPvWNsFYycGuhHPP1pfz8h/detail.html,https://www.ncss.cn/student/jobs/index.html,北京,运营
ncss_jobs,detail,https://www.ncss.cn/student/jobs/fhUzthdYUhZowPC32DSpw/detail.html,https://www.ncss.cn/student/jobs/index.html,北京,运营
ncss_jobs,detail,https://www.ncss.cn/student/jobs/tivnrVw7XLKcaiXHJZhDN/detail.html,https://www.ncss.cn/student/jobs/index.html,北京,运营
ncss_jobs,detail,https://www.ncss.cn/student/jobs/MkL4fHdQi3SF1UhuSuQKbm/detail.html,https://www.ncss.cn/student/jobs/index.html,北京,运营
ncss_jobs,detail,https://www.ncss.cn/student/jobs/N5RpD8fWx5Cr7jscyLZhx9/detail.html,https://www.ncss.cn/student/jobs/index.html,北京,运营
ncss_jobs,detail,https://www.ncss.cn/student/jobs/NGfwNgiD7nsXQYdgsfaLKd/detail.html,https://www.ncss.cn/student/jobs/index.html,北京,运营
ncss_jobs,detail,https://www.ncss.cn/student/jobs/Nhx2BpyKmH6YWoQd5DCFXa/detail.html,https://www.ncss.cn/student/jobs/index.html,北京,运营
ncss_jobs,detail,https://www.ncss.cn/student/jobs/NmUizcbRpqshztu53A7XCF/detail.html,https://www.ncss.cn/student/jobs/index.html,北京,运营
ncss_jobs,detail,https://www.ncss.cn/student/jobs/NoPP8Zwqqsba7zCBMFfpjD/detail.html,https://www.ncss.cn/student/jobs/index.html,北京,运营
ncss_jobs,detail,https://www.ncss.cn/student/jobs/NpRJfSotidcneE1xP6VUva/detail.html,https://www.ncss.cn/student/jobs/index.html,北京,运营
ncss_jobs,detail,https://www.ncss.cn/student/jobs/P1CC1KmykrN2amyEU6ohnR/detail.html,https://www.ncss.cn/student/jobs/index.html,北京,运营
ncss_jobs,detail,https://www.ncss.cn/student/jobs/PgMwRKkjYmFLiNctfGCoi1/detail.html,https://www.ncss.cn/student/jobs/index.html,北京,运营
ncss_jobs,detail,https://www.ncss.cn/student/jobs/PtRiHsHBoNhGLrNjaVqvfF/detail.html,https://www.ncss.cn/student/jobs/index.html,北京,运营
ncss_jobs,detail,https://www.ncss.cn/student/jobs/PvcdnmWgJA8qqGJG9YCbuh/detail.html,https://www.ncss.cn/student/jobs/index.html,北京,运营
ncss_jobs,detail,https://www.ncss.cn/student/jobs/QJreByXptXg6Njmu77bDw9/detail.html,https://www.ncss.cn/student/jobs/index.html,北京,运营
ncss_jobs,detail,https://www.ncss.cn/student/jobs/RUmBq41nGAyQy5EPXkh24V/detail.html,https://www.ncss.cn/student/jobs/index.html,北京,运营
ncss_jobs,detail,https://www.ncss.cn/student/jobs/RUoSZS9DyqVa624ZoDYEgi/detail.html,https://www.ncss.cn/student/jobs/index.html,北京,运营
ncss_jobs,detail,https://www.ncss.cn/student/jobs/RVvSxma4U6CPuE4xHngXEM/detail.html,https://www.ncss.cn/student/jobs/index.html,北京,运营
ncss_jobs,detail,https://www.ncss.cn/student/jobs/Ryz54fKtNpJ7Gku7VtVsNj/detail.html,https://www.ncss.cn/student/jobs/index.html,北京,运营
ncss_jobs,detail,https://www.ncss.cn/student/jobs/S63adnfZhmcHczi1iKMAbT/detail.html,https://www.ncss.cn/student/jobs/index.html,北京,运营
ncss_jobs,detail,https://www.ncss.cn/student/jobs/SDzfBy26gfqVr9cJvmeSCL/detail.html,https://www.ncss.cn/student/jobs/index.html,北京,运营
ncss_jobs,detail,https://www.ncss.cn/student/jobs/SEAyNsXxRoUUo4BVw73NaJ/detail.html,https://www.ncss.cn/student/jobs/index.html,北京,运营
ncss_jobs,detail,https://www.ncss.cn/student/jobs/SPErskiKvM7rhCQ4bti2rK/detail.html,https://www.ncss.cn/student/jobs/index.html,北京,运营
ncss_jobs,detail,https://www.ncss.cn/student/jobs/SzcVc2MoSznVnHp3FK717F/detail.html,https://www.ncss.cn/student/jobs/index.html,北京,运营
ncss_jobs,detail,https://www.ncss.cn/student/jobs/TGdLYv6qfR3vLWjsKLyAnW/detail.html,https://www.ncss.cn/student/jobs/index.html,北京,运营
ncss_jobs,detail,https://www.ncss.cn/student/jobs/TeDdjcJqqLiB5NBW8ZMSRv/detail.html,https://www.ncss.cn/student/jobs/index.html,北京,运营
ncss_jobs,detail,https://www.ncss.cn/student/jobs/U616Rx7M5LfCAGFjUFo3bk/detail.html,https://www.ncss.cn/student/jobs/index.html,北京,运营
ncss_jobs,detail,https://www.ncss.cn/student/jobs/UVUki1X3BK2yByaijeb8Xe/detail.html,https://www.ncss.cn/student/jobs/index.html,北京,运营
ncss_jobs,detail,https://www.ncss.cn/student/jobs/UuP7VKWegSgzGTttx1M9Tu/detail.html,https://www.ncss.cn/student/jobs/index.html,北京,运营
ncss_jobs,detail,https://www.ncss.cn/student/jobs/UzseJV2niyt7rzBJGPitB1/detail.html,https://www.ncss.cn/student/jobs/index.html,北京,运营
ncss_jobs,detail,https://www.ncss.cn/student/jobs/V1PaRTpY9fWm2Q8dRPYnGB/detail.html,https://www.ncss.cn/student/jobs/index.html,北京,运营
ncss_jobs,detail,https://www.ncss.cn/student/jobs/V8NFZUgTENV9D7FJ47RWPW/detail.html,https://www.ncss.cn/student/jobs/index.html,北京,运营
ncss_jobs,detail,https://www.ncss.cn/student/jobs/VuzT5K7yfLT4X5b2ovjH7o/detail.html,https://www.ncss.cn/student/jobs/index.html,北京,运营
ncss_jobs,detail,https://www.ncss.cn/student/jobs/W7F5q3h5HPTEk9gVcCYn1c/detail.html,https://www.ncss.cn/student/jobs/index.html,北京,运营
ncss_jobs,detail,https://www.ncss.cn/student/jobs/CMFvTdPQvDrt8WxXWgKjEr/detail.html,https://www.ncss.cn/student/jobs/index.html,北京,运营
ncss_jobs,detail,https://www.ncss.cn/student/jobs/CwH7fcLHz5UAhetVKspK3o/detail.html,https://www.ncss.cn/student/jobs/index.html,北京,运营
ncss_jobs,detail,https://www.ncss.cn/student/jobs/DdBt1xZCsnZGR6w8myriuG/detail.html,https://www.ncss.cn/student/jobs/index.html,北京,运营
ncss_jobs,detail,https://www.ncss.cn/student/jobs/E6Pw8eBQ2FvECvBrSr2V2E/detail.html,https://www.ncss.cn/student/jobs/index.html,北京,运营
ncss_jobs,detail,https://www.ncss.cn/student/jobs/EjjUNkPze9r7cdoMn64f72/detail.html,https://www.ncss.cn/student/jobs/index.html,北京,运营
ncss_jobs,detail,https://www.ncss.cn/student/jobs/EytVvf7zEJhdyvFGnfyQiF/detail.html,https://www.ncss.cn/student/jobs/index.html,北京,运营
ncss_jobs,detail,https://www.ncss.cn/student/jobs/F6HSSTvTkWUMbBSbHj8mPQ/detail.html,https://www.ncss.cn/student/jobs/index.html,北京,运营
ncss_jobs,detail,https://www.ncss.cn/student/jobs/F6Qn4Mdk426oSy9xoxrp2T/detail.html,https://www.ncss.cn/student/jobs/index.html,北京,运营
ncss_jobs,detail,https://www.ncss.cn/student/jobs/FZLuaysmuZGJjfHqj18fX2/detail.html,https://www.ncss.cn/student/jobs/index.html,北京,运营
ncss_jobs,detail,https://www.ncss.cn/student/jobs/Ffy4ZXJnyV5Vz9UjwceY62/detail.html,https://www.ncss.cn/student/jobs/index.html,北京,运营
ncss_jobs,detail,https://www.ncss.cn/student/jobs/FhHKnRGUggkf45yXseLvPb/detail.html,https://www.ncss.cn/student/jobs/index.html,北京,运营
ncss_jobs,detail,https://www.ncss.cn/student/jobs/G5m975yJgB5CEcKCSFyCqt/detail.html,https://www.ncss.cn/student/jobs/index.html,北京,运营
ncss_jobs,detail,https://www.ncss.cn/student/jobs/G8xpUy2eJcUdcsqbFberHe/detail.html,https://www.ncss.cn/student/jobs/index.html,北京,运营
ncss_jobs,detail,https://www.ncss.cn/student/jobs/GuKmydgRgV4CS6KMY662od/detail.html,https://www.ncss.cn/student/jobs/index.html,北京,运营
ncss_jobs,detail,https://www.ncss.cn/student/jobs/H9xt2Azr9ZoFcqxfyo8K6X/detail.html,https://www.ncss.cn/student/jobs/index.html,北京,运营
ncss_jobs,detail,https://www.ncss.cn/student/jobs/HK1E9sox9aGLjUo9Vrh5Xp/detail.html,https://www.ncss.cn/student/jobs/index.html,北京,运营
ncss_jobs,detail,https://www.ncss.cn/student/jobs/HPBiBxPvGCzmBRnmqkfGHe/detail.html,https://www.ncss.cn/student/jobs/index.html,北京,运营
ncss_jobs,detail,https://www.ncss.cn/student/jobs/HY97TdTh7D7dCZ9DVnNjZr/detail.html,https://www.ncss.cn/student/jobs/index.html,北京,运营
ncss_jobs,detail,https://www.ncss.cn/student/jobs/HpFRWdfjMeUWKD4qFEizCs/detail.html,https://www.ncss.cn/student/jobs/index.html,北京,运营
ncss_jobs,detail,https://www.ncss.cn/student/jobs/JCHNBeNfDyuuvmmHLmCjbm/detail.html,https://www.ncss.cn/student/jobs/index.html,北京,运营
ncss_jobs,detail,https://www.ncss.cn/student/jobs/JHRujUGo8hAby1Fu5nM5u4/detail.html,https://www.ncss.cn/student/jobs/index.html,北京,运营
ncss_jobs,detail,https://www.ncss.cn/student/jobs/JK4MExjFJ52rcaB2MRAbbz/detail.html,https://www.ncss.cn/student/jobs/index.html,北京,运营
ncss_jobs,detail,https://www.ncss.cn/student/jobs/JvLZFSCUfrmrmFwoDV1fen/detail.html,https://www.ncss.cn/student/jobs/index.html,北京,运营
ncss_jobs,detail,https://www.ncss.cn/student/jobs/K2KYiF7s4Mt5r3j6ijsnqo/detail.html,https://www.ncss.cn/student/jobs/index.html,北京,运营
ncss_jobs,detail,https://www.ncss.cn/student/jobs/MFT9dRu6hYLDaKqu3kUMtJ/detail.html,https://www.ncss.cn/student/jobs/index.html,北京,行政
ncss_jobs,detail,https://www.ncss.cn/student/jobs/BpuSUxjwwLTshQ5RnoUVS6/detail.html,https://www.ncss.cn/student/jobs/index.html,北京,行政
ncss_jobs,detail,https://www.ncss.cn/student/jobs/ES3U7wX1buFSfyPSHJUJjJ/detail.html,https://www.ncss.cn/student/jobs/index.html,北京,行政
ncss_jobs,detail,https://www.ncss.cn/student/jobs/F5ZHbqE9EW35DhLQgoWMNS/detail.html,https://www.ncss.cn/student/jobs/index.html,北京,行政
ncss_jobs,detail,https://www.ncss.cn/student/jobs/F6ycqvhhobSvX69gsBRkCf/detail.html,https://www.ncss.cn/student/jobs/index.html,北京,行政
ncss_jobs,detail,https://www.ncss.cn/student/jobs/M6eQTsf1Hg6hqZ47aGDHZy/detail.html,https://www.ncss.cn/student/jobs/index.html,北京,行政
ncss_jobs,detail,https://www.ncss.cn/student/jobs/2nQzXJQ1HEZAuANtPH4A4a/detail.html,https://www.ncss.cn/student/jobs/index.html,北京,行政
ncss_jobs,detail,https://www.ncss.cn/student/jobs/9vSGWex5FPPkKxE89K1xAg/detail.html,https://www.ncss.cn/student/jobs/index.html,北京,行政
ncss_jobs,detail,https://www.ncss.cn/student/jobs/ANghmEdE23r2ppsuyXSEHp/detail.html,https://www.ncss.cn/student/jobs/index.html,北京,行政
ncss_jobs,detail,https://www.ncss.cn/student/jobs/4qbotWEjtgDgQpVvEbLkQY/detail.html,https://www.ncss.cn/student/jobs/index.html,北京,行政
ncss_jobs,detail,https://www.ncss.cn/student/jobs/7jwh71LsH1BNnVcUzZwQLQ/detail.html,https://www.ncss.cn/student/jobs/index.html,北京,行政
ncss_jobs,detail,https://www.ncss.cn/student/jobs/LdPH6EW95UVxLyPwSqt7FL/detail.html,https://www.ncss.cn/student/jobs/index.html,北京,行政
ncss_jobs,detail,https://www.ncss.cn/student/jobs/YPFkLY7QHh6qZGETuXegZx/detail.html,https://www.ncss.cn/student/jobs/index.html,北京,行政
ncss_jobs,detail,https://www.ncss.cn/student/jobs/Q1kVwZtCruTj8nQDc3DjZ1/detail.html,https://www.ncss.cn/student/jobs/index.html,北京,行政
ncss_jobs,detail,https://www.ncss.cn/student/jobs/82TxA6eKsDKfPi8rHCcrTn/detail.html,https://www.ncss.cn/student/jobs/index.html,北京,行政
ncss_jobs,detail,https://www.ncss.cn/student/jobs/6bqDqZTU8behB22GmBXyqt/detail.html,https://www.ncss.cn/student/jobs/index.html,北京,行政
ncss_jobs,detail,https://www.ncss.cn/student/jobs/C9pTuiZ4Gp2UdYqFHBSqZt/detail.html,https://www.ncss.cn/student/jobs/index.html,北京,行政
ncss_jobs,detail,https://www.ncss.cn/student/jobs/SRanwXA5xkNiqb4VanWyWL/detail.html,https://www.ncss.cn/student/jobs/index.html,北京,行政
ncss_jobs,detail,https://www.ncss.cn/student/jobs/RHYUuVwy4XRCocKbsvTZab/detail.html,https://www.ncss.cn/student/jobs/index.html,北京,行政
ncss_jobs,detail,https://www.ncss.cn/student/jobs/BDbFwGZREiSHNfr4c8Whwu/detail.html,https://www.ncss.cn/student/jobs/index.html,北京,行政
ncss_jobs,detail,https://www.ncss.cn/student/jobs/3NGNttF7S7Q2oiSz2cCrLE/detail.html,https://www.ncss.cn/student/jobs/index.html,北京,行政
ncss_jobs,detail,https://www.ncss.cn/student/jobs/9iQ6oa3vSPVMopUukSwQjX/detail.html,https://www.ncss.cn/student/jobs/index.html,北京,行政
ncss_jobs,detail,https://www.ncss.cn/student/jobs/9st89EhTxq3zy76DRpGHVS/detail.html,https://www.ncss.cn/student/jobs/index.html,北京,行政
ncss_jobs,detail,https://www.ncss.cn/student/jobs/L1E2nZinGgSQY6ncQY2onT/detail.html,https://www.ncss.cn/student/jobs/index.html,北京,行政
ncss_jobs,detail,https://www.ncss.cn/student/jobs/NdURS6y758HrmnSZuA19wd/detail.html,https://www.ncss.cn/student/jobs/index.html,北京,行政
ncss_jobs,detail,https://www.ncss.cn/student/jobs/8WKkoN5DNE43LUZJn6xvLe/detail.html,https://www.ncss.cn/student/jobs/index.html,北京,行政
ncss_jobs,detail,https://www.ncss.cn/student/jobs/2gurWD3iAFj5pCVbNrLahf/detail.html,https://www.ncss.cn/student/jobs/index.html,北京,行政
ncss_jobs,detail,https://www.ncss.cn/student/jobs/94DBAMecS9LfJybVGcQ8iJ/detail.html,https://www.ncss.cn/student/jobs/index.html,北京,行政
ncss_jobs,detail,https://www.ncss.cn/student/jobs/V3JUHnFYn2d2gXemYje5sS/detail.html,https://www.ncss.cn/student/jobs/index.html,北京,行政
ncss_jobs,detail,https://www.ncss.cn/student/jobs/Ptx55d9FD64K9hALwpPcwZ/detail.html,https://www.ncss.cn/student/jobs/index.html,北京,行政
ncss_jobs,detail,https://www.ncss.cn/student/jobs/RMgNiZxHHqGPLz7oXrAZ4A/detail.html,https://www.ncss.cn/student/jobs/index.html,北京,行政
ncss_jobs,detail,https://www.ncss.cn/student/jobs/T173zguLuRvivdCeJVDrbs/detail.html,https://www.ncss.cn/student/jobs/index.html,北京,行政
ncss_jobs,detail,https://www.ncss.cn/student/jobs/UEHaTQTMv5XmUVjDFbyav4/detail.html,https://www.ncss.cn/student/jobs/index.html,北京,行政
ncss_jobs,detail,https://www.ncss.cn/student/jobs/MCrt6bLcBesoaRsYSw24G9/detail.html,https://www.ncss.cn/student/jobs/index.html,北京,行政
ncss_jobs,detail,https://www.ncss.cn/student/jobs/N9qJ5SmDHe3Ajf1K3diyb4/detail.html,https://www.ncss.cn/student/jobs/index.html,北京,行政
ncss_jobs,detail,https://www.ncss.cn/student/jobs/VCg1ASVgZDcosNqg32H6WJ/detail.html,https://www.ncss.cn/student/jobs/index.html,北京,行政
ncss_jobs,detail,https://www.ncss.cn/student/jobs/QBmSS4zn9oDMMjiVf7HLTC/detail.html,https://www.ncss.cn/student/jobs/index.html,北京,行政
ncss_jobs,detail,https://www.ncss.cn/student/jobs/RdAPVj3o1sJCEnKRyuGB7b/detail.html,https://www.ncss.cn/student/jobs/index.html,北京,行政
ncss_jobs,detail,https://www.ncss.cn/student/jobs/A4sA6aTTyHejzw5rDHiqtB/detail.html,https://www.ncss.cn/student/jobs/index.html,北京,行政
ncss_jobs,detail,https://www.ncss.cn/student/jobs/3tCLmufiF2vAiLys5MFkHd/detail.html,https://www.ncss.cn/student/jobs/index.html,北京,行政
ncss_jobs,detail,https://www.ncss.cn/student/jobs/XPm8yBx9sfDfJnvbziyq32/detail.html,https://www.ncss.cn/student/jobs/index.html,北京,行政
ncss_jobs,detail,https://www.ncss.cn/student/jobs/CN6gMQKuFszhB71cYnvA1D/detail.html,https://www.ncss.cn/student/jobs/index.html,北京,行政
ncss_jobs,detail,https://www.ncss.cn/student/jobs/ULWaMjWe8YZfGEHRiZhBZU/detail.html,https://www.ncss.cn/student/jobs/index.html,北京,行政
ncss_jobs,detail,https://www.ncss.cn/student/jobs/6q17Fw2hNEcnkpSErsjksY/detail.html,https://www.ncss.cn/student/jobs/index.html,北京,行政
ncss_jobs,detail,https://www.ncss.cn/student/jobs/E38wxF586d7nU8md1yp1AX/detail.html,https://www.ncss.cn/student/jobs/index.html,北京,行政
ncss_jobs,detail,https://www.ncss.cn/student/jobs/LbQKhUDW8kszJg8FBFGMRe/detail.html,https://www.ncss.cn/student/jobs/index.html,北京,行政
ncss_jobs,detail,https://www.ncss.cn/student/jobs/4hiREmka7CYiUjqLWU7Zwk/detail.html,https://www.ncss.cn/student/jobs/index.html,北京,行政
ncss_jobs,detail,https://www.ncss.cn/student/jobs/3Sf9kMao84XTRgyHhG5Pkb/detail.html,https://www.ncss.cn/student/jobs/index.html,北京,行政
ncss_jobs,detail,https://www.ncss.cn/student/jobs/UETM6LimxCPbxd67cj86nU/detail.html,https://www.ncss.cn/student/jobs/index.html,北京,行政
ncss_jobs,detail,https://www.ncss.cn/student/jobs/TsMHdf6Y9pBbJo3FnNxPg4/detail.html,https://www.ncss.cn/student/jobs/index.html,北京,行政
ncss_jobs,detail,https://www.ncss.cn/student/jobs/XJRq59Fafq3dCNrNp5iFTK/detail.html,https://www.ncss.cn/student/jobs/index.html,北京,行政
ncss_jobs,detail,https://www.ncss.cn/student/jobs/EoiXESaVpF5ncmvn5Dor9m/detail.html,https://www.ncss.cn/student/jobs/index.html,北京,行政
ncss_jobs,detail,https://www.ncss.cn/student/jobs/Eq6mEbvdCnEP2Xa8CpLpGS/detail.html,https://www.ncss.cn/student/jobs/index.html,北京,行政
ncss_jobs,detail,https://www.ncss.cn/student/jobs/HM3RLaRmUbV2bpBWJRsCjb/detail.html,https://www.ncss.cn/student/jobs/index.html,北京,行政
ncss_jobs,detail,https://www.ncss.cn/student/jobs/NMqE3jzMhFiWv3A9xEvRAd/detail.html,https://www.ncss.cn/student/jobs/index.html,北京,行政
ncss_jobs,detail,https://www.ncss.cn/student/jobs/RdujpqYdY4y8k4VFBMfVYD/detail.html,https://www.ncss.cn/student/jobs/index.html,北京,行政
ncss_jobs,detail,https://www.ncss.cn/student/jobs/SnD6jhZaxh7tkCA1R3Xuxc/detail.html,https://www.ncss.cn/student/jobs/index.html,北京,行政
ncss_jobs,detail,https://www.ncss.cn/student/jobs/325oAy9hA98HCd3LnvbPEm/detail.html,https://www.ncss.cn/student/jobs/index.html,北京,行政
ncss_jobs,detail,https://www.ncss.cn/student/jobs/H4ZZMLnvajhvqDnco4PcLG/detail.html,https://www.ncss.cn/student/jobs/index.html,北京,行政
ncss_jobs,detail,https://www.ncss.cn/student/jobs/WELB4xtudMGxqFPPBeP8cL/detail.html,https://www.ncss.cn/student/jobs/index.html,北京,行政
ncss_jobs,detail,https://www.ncss.cn/student/jobs/QvqXFHuQEvD7nHD6CQeoCW/detail.html,https://www.ncss.cn/student/jobs/index.html,北京,会计
ncss_jobs,detail,https://www.ncss.cn/student/jobs/CM9bfmFTWf6CTXCZkdj9V/detail.html,https://www.ncss.cn/student/jobs/index.html,北京,会计
ncss_jobs,detail,https://www.ncss.cn/student/jobs/HhhoVZub1r1Pr6Aaijri3M/detail.html,https://www.ncss.cn/student/jobs/index.html,北京,会计
ncss_jobs,detail,https://www.ncss.cn/student/jobs/L3KzDoJB4UwTiGnN2vnrTM/detail.html,https://www.ncss.cn/student/jobs/index.html,北京,会计
ncss_jobs,detail,https://www.ncss.cn/student/jobs/2wcrJmxjVZZtYd171FMPLt/detail.html,https://www.ncss.cn/student/jobs/index.html,北京,会计
ncss_jobs,detail,https://www.ncss.cn/student/jobs/MWC4X1dNQ6QkM4GqA4PEd9/detail.html,https://www.ncss.cn/student/jobs/index.html,北京,会计
ncss_jobs,detail,https://www.ncss.cn/student/jobs/QnDLgMJs4UZxeTH1JWQyZb/detail.html,https://www.ncss.cn/student/jobs/index.html,北京,会计
ncss_jobs,detail,https://www.ncss.cn/student/jobs/6qHdh3GHeaoHstrHadV6Lp/detail.html,https://www.ncss.cn/student/jobs/index.html,北京,会计
ncss_jobs,detail,https://www.ncss.cn/student/jobs/Tp8m8CHcVK8CftyVcSqeJ9/detail.html,https://www.ncss.cn/student/jobs/index.html,北京,会计
ncss_jobs,detail,https://www.ncss.cn/student/jobs/CZ1AM7zKX3kPRsdfbRRTdu/detail.html,https://www.ncss.cn/student/jobs/index.html,北京,会计
ncss_jobs,detail,https://www.ncss.cn/student/jobs/9XBWn75Qwxzh25xNyf7whD/detail.html,https://www.ncss.cn/student/jobs/index.html,北京,会计
ncss_jobs,detail,https://www.ncss.cn/student/jobs/NG3Q9fnj9jUVUCCzDTfCaR/detail.html,https://www.ncss.cn/student/jobs/index.html,北京,会计
ncss_jobs,detail,https://www.ncss.cn/student/jobs/TQnZ8jfC7omUytgDoiWRBz/detail.html,https://www.ncss.cn/student/jobs/index.html,北京,会计
ncss_jobs,detail,https://www.ncss.cn/student/jobs/M87V3sbMwz7zF5CevKJcCV/detail.html,https://www.ncss.cn/student/jobs/index.html,北京,会计
ncss_jobs,detail,https://www.ncss.cn/student/jobs/8UaZwh8xHGpMHPKah13zeg/detail.html,https://www.ncss.cn/student/jobs/index.html,北京,会计
ncss_jobs,detail,https://www.ncss.cn/student/jobs/BAsPrwAKT939ATYSvck4QL/detail.html,https://www.ncss.cn/student/jobs/index.html,北京,会计
ncss_jobs,detail,https://www.ncss.cn/student/jobs/2gAjT32Dk9bwoafyeS2uNg/detail.html,https://www.ncss.cn/student/jobs/index.html,北京,会计
ncss_jobs,detail,https://www.ncss.cn/student/jobs/7LaCd7YQBxFT3ujcDLaS42/detail.html,https://www.ncss.cn/student/jobs/index.html,北京,会计
ncss_jobs,detail,https://www.ncss.cn/student/jobs/PQoCHWmPy5DyvQqZpDHsgH/detail.html,https://www.ncss.cn/student/jobs/index.html,北京,会计
ncss_jobs,detail,https://www.ncss.cn/student/jobs/U9ZDANNSaVj1wtkZuiRzhV/detail.html,https://www.ncss.cn/student/jobs/index.html,北京,会计
ncss_jobs,detail,https://www.ncss.cn/student/jobs/N3mPWvrEuc4WR634tnJraK/detail.html,https://www.ncss.cn/student/jobs/index.html,北京,会计
ncss_jobs,detail,https://www.ncss.cn/student/jobs/NBbjABDbiK5U5n38NsV47m/detail.html,https://www.ncss.cn/student/jobs/index.html,北京,会计
ncss_jobs,detail,https://www.ncss.cn/student/jobs/PZJSvq3QEHadKEQSzKTsdE/detail.html,https://www.ncss.cn/student/jobs/index.html,北京,会计
ncss_jobs,detail,https://www.ncss.cn/student/jobs/p9YR5Q6XzkPUghENXBKZD/detail.html,https://www.ncss.cn/student/jobs/index.html,北京,会计
ncss_jobs,detail,https://www.ncss.cn/student/jobs/2bXNg1MnAM2UrYp7SRqrdS/detail.html,https://www.ncss.cn/student/jobs/index.html,北京,会计
ncss_jobs,detail,https://www.ncss.cn/student/jobs/8TGsp2FGjJgXbxP3HwY6jM/detail.html,https://www.ncss.cn/student/jobs/index.html,北京,会计
ncss_jobs,detail,https://www.ncss.cn/student/jobs/DZdL211AB3saRDeSdF7H2r/detail.html,https://www.ncss.cn/student/jobs/index.html,北京,会计
ncss_jobs,detail,https://www.ncss.cn/student/jobs/USjSSaXjMtrp8VSWAVJV6Y/detail.html,https://www.ncss.cn/student/jobs/index.html,北京,会计
ncss_jobs,detail,https://www.ncss.cn/student/jobs/Wj12wqSQ6YtkWRAnxf63v3/detail.html,https://www.ncss.cn/student/jobs/index.html,北京,会计
ncss_jobs,detail,https://www.ncss.cn/student/jobs/Ua722rdZb4V6GaCpptbFY2/detail.html,https://www.ncss.cn/student/jobs/index.html,北京,会计
ncss_jobs,detail,https://www.ncss.cn/student/jobs/KARyLVTWbjwnfiM61uZrPK/detail.html,https://www.ncss.cn/student/jobs/index.html,北京,会计
ncss_jobs,detail,https://www.ncss.cn/student/jobs/43inMKFKsSPRpzkb2Wr22N/detail.html,https://www.ncss.cn/student/jobs/index.html,北京,会计
ncss_jobs,detail,https://www.ncss.cn/student/jobs/7QRWBoGBqkMUWH6c2iH2Hy/detail.html,https://www.ncss.cn/student/jobs/index.html,北京,会计
ncss_jobs,detail,https://www.ncss.cn/student/jobs/EdpENieeMkW36iM39L66hJ/detail.html,https://www.ncss.cn/student/jobs/index.html,北京,会计
ncss_jobs,detail,https://www.ncss.cn/student/jobs/EszT2SZyVEN9un8yhs3sDY/detail.html,https://www.ncss.cn/student/jobs/index.html,北京,会计
ncss_jobs,detail,https://www.ncss.cn/student/jobs/SD3hQpi9eHSwRWMUoJG5vR/detail.html,https://www.ncss.cn/student/jobs/index.html,北京,会计
ncss_jobs,detail,https://www.ncss.cn/student/jobs/VgU6BfLSRNz8e7g7cD1qB2/detail.html,https://www.ncss.cn/student/jobs/index.html,北京,会计
ncss_jobs,detail,https://www.ncss.cn/student/jobs/KSSgnRRe2183dzJ9gmxNQo/detail.html,https://www.ncss.cn/student/jobs/index.html,北京,会计
ncss_jobs,detail,https://www.ncss.cn/student/jobs/R35bYpJp8xhz9D6BenQcEd/detail.html,https://www.ncss.cn/student/jobs/index.html,北京,会计
ncss_jobs,detail,https://www.ncss.cn/student/jobs/YKgqfmxPsfUmS7SWnAb8jD/detail.html,https://www.ncss.cn/student/jobs/index.html,北京,会计
ncss_jobs,detail,https://www.ncss.cn/student/jobs/ToyuBmgJ4HTrqgYDgR51KT/detail.html,https://www.ncss.cn/student/jobs/index.html,北京,会计
ncss_jobs,detail,https://www.ncss.cn/student/jobs/WBkdTy9RmKfU1gjzAQtqAv/detail.html,https://www.ncss.cn/student/jobs/index.html,北京,会计
ncss_jobs,detail,https://www.ncss.cn/student/jobs/XRYSdB7M9MTZkaAExj77UD/detail.html,https://www.ncss.cn/student/jobs/index.html,北京,会计
ncss_jobs,detail,https://www.ncss.cn/student/jobs/CicyU5i1kKzHPpEqEj7x4C/detail.html,https://www.ncss.cn/student/jobs/index.html,北京,会计
ncss_jobs,detail,https://www.ncss.cn/student/jobs/FrgVhqSYj8X6nJGWsN4yeD/detail.html,https://www.ncss.cn/student/jobs/index.html,北京,会计
ncss_jobs,detail,https://www.ncss.cn/student/jobs/MCjA8eNqWBL1EmP6X3jgL3/detail.html,https://www.ncss.cn/student/jobs/index.html,北京,会计
ncss_jobs,detail,https://www.ncss.cn/student/jobs/W6gryDqUBLETyUHyyG8J4W/detail.html,https://www.ncss.cn/student/jobs/index.html,北京,会计
ncss_jobs,detail,https://www.ncss.cn/student/jobs/CfYafZtULaVfyWBiacwSVY/detail.html,https://www.ncss.cn/student/jobs/index.html,北京,会计
ncss_jobs,detail,https://www.ncss.cn/student/jobs/G7LsXmYmPdBN7GBCz21LRa/detail.html,https://www.ncss.cn/student/jobs/index.html,北京,会计
ncss_jobs,detail,https://www.ncss.cn/student/jobs/ExjwdiCeUF2PEApbrLvmDN/detail.html,https://www.ncss.cn/student/jobs/index.html,北京,会计
ncss_jobs,detail,https://www.ncss.cn/student/jobs/RDP122rbY4DYB13tPf2RL9/detail.html,https://www.ncss.cn/student/jobs/index.html,北京,会计
ncss_jobs,detail,https://www.ncss.cn/student/jobs/U9C9MCEgdL9yXcyA81k7JK/detail.html,https://www.ncss.cn/student/jobs/index.html,北京,会计
ncss_jobs,detail,https://www.ncss.cn/student/jobs/VzkN9qnTCxDBig1DEPpmT9/detail.html,https://www.ncss.cn/student/jobs/index.html,北京,会计
ncss_jobs,detail,https://www.ncss.cn/student/jobs/Nxj1qTVe4HzNEaJApk9pxu/detail.html,https://www.ncss.cn/student/jobs/index.html,北京,会计
ncss_jobs,detail,https://www.ncss.cn/student/jobs/YK8c6cajDS6ZA3YuDcGTr7/detail.html,https://www.ncss.cn/student/jobs/index.html,北京,会计
ncss_jobs,detail,https://www.ncss.cn/student/jobs/NahX1n7TdZ3bJcwszUeBjX/detail.html,https://www.ncss.cn/student/jobs/index.html,北京,会计
ncss_jobs,detail,https://www.ncss.cn/student/jobs/2uymHm4RUotvJDcVU5VGG3/detail.html,https://www.ncss.cn/student/jobs/index.html,北京,会计
ncss_jobs,detail,https://www.ncss.cn/student/jobs/A7c725uDEevDT4gc3vgq9G/detail.html,https://www.ncss.cn/student/jobs/index.html,北京,会计
ncss_jobs,detail,https://www.ncss.cn/student/jobs/VEjGNexETV8XLevjEi12Kq/detail.html,https://www.ncss.cn/student/jobs/index.html,北京,会计
ncss_jobs,detail,https://www.ncss.cn/student/jobs/78qLMWH3QUoa16zYsRuaM7/detail.html,https://www.ncss.cn/student/jobs/index.html,北京,会计
ncss_jobs,detail,https://www.ncss.cn/student/jobs/YBAX2BtrXe12XrzcMNL7CF/detail.html,https://www.ncss.cn/student/jobs/index.html,北京,产品经理
ncss_jobs,detail,https://www.ncss.cn/student/jobs/PvFdEZJugpHHs3e2QdvPud/detail.html,https://www.ncss.cn/student/jobs/index.html,北京,产品经理
ncss_jobs,detail,https://www.ncss.cn/student/jobs/RYHKhx8v4uG4Y6t9Pdhuxu/detail.html,https://www.ncss.cn/student/jobs/index.html,北京,产品经理
ncss_jobs,detail,https://www.ncss.cn/student/jobs/SQBWxBieCzDf1cgokTgTok/detail.html,https://www.ncss.cn/student/jobs/index.html,北京,产品经理
ncss_jobs,detail,https://www.ncss.cn/student/jobs/SYNFQuPjqEEkL6C6yE534b/detail.html,https://www.ncss.cn/student/jobs/index.html,北京,产品经理
ncss_jobs,detail,https://www.ncss.cn/student/jobs/VPb75b89VgRzGf1Pd2hmp6/detail.html,https://www.ncss.cn/student/jobs/index.html,北京,产品经理
ncss_jobs,detail,https://www.ncss.cn/student/jobs/W7VgpSiNQi5H89xUbos1ob/detail.html,https://www.ncss.cn/student/jobs/index.html,北京,产品经理
ncss_jobs,detail,https://www.ncss.cn/student/jobs/BrqXbd8ZeyHM4khJtn76DS/detail.html,https://www.ncss.cn/student/jobs/index.html,北京,产品经理
ncss_jobs,detail,https://www.ncss.cn/student/jobs/2z32NNMHhFedY5KwkywKpv/detail.html,https://www.ncss.cn/student/jobs/index.html,北京,产品经理
ncss_jobs,detail,https://www.ncss.cn/student/jobs/5KT1YH2xDEV9dBLBXYEJwR/detail.html,https://www.ncss.cn/student/jobs/index.html,北京,产品经理
ncss_jobs,detail,https://www.ncss.cn/student/jobs/5gwGWkyJyTVZpvs7R4X7LM/detail.html,https://www.ncss.cn/student/jobs/index.html,北京,产品经理
ncss_jobs,detail,https://www.ncss.cn/student/jobs/6HT9k1ZJYf9UVdWrWsw2gb/detail.html,https://www.ncss.cn/student/jobs/index.html,北京,产品经理
ncss_jobs,detail,https://www.ncss.cn/student/jobs/ANipxvayhvBi7KaRoYW4nt/detail.html,https://www.ncss.cn/student/jobs/index.html,北京,产品经理
ncss_jobs,detail,https://www.ncss.cn/student/jobs/AojjZCggBoA9TEa53enAFM/detail.html,https://www.ncss.cn/student/jobs/index.html,北京,产品经理
ncss_jobs,detail,https://www.ncss.cn/student/jobs/BeBTg6NxmVbTZryg16AuWm/detail.html,https://www.ncss.cn/student/jobs/index.html,北京,产品经理
ncss_jobs,detail,https://www.ncss.cn/student/jobs/DWTF2sy9HtuADLSMGTyJmd/detail.html,https://www.ncss.cn/student/jobs/index.html,北京,产品经理
ncss_jobs,detail,https://www.ncss.cn/student/jobs/LzKFEDJaMVasdgMs56gMut/detail.html,https://www.ncss.cn/student/jobs/index.html,北京,产品经理
ncss_jobs,detail,https://www.ncss.cn/student/jobs/Tti3CCh6wv7seViSJep5gW/detail.html,https://www.ncss.cn/student/jobs/index.html,北京,产品经理
ncss_jobs,detail,https://www.ncss.cn/student/jobs/9kUN3wVHMB1gudcQBKCUwR/detail.html,https://www.ncss.cn/student/jobs/index.html,北京,产品经理
ncss_jobs,detail,https://www.ncss.cn/student/jobs/PE9L8C6ztVqcJBkm1upKr8/detail.html,https://www.ncss.cn/student/jobs/index.html,北京,产品经理
ncss_jobs,detail,https://www.ncss.cn/student/jobs/SZJuTFbHS47t7HkdbubFns/detail.html,https://www.ncss.cn/student/jobs/index.html,北京,产品经理
ncss_jobs,detail,https://www.ncss.cn/student/jobs/SZVKGcEPR5NGmkcY7CMFib/detail.html,https://www.ncss.cn/student/jobs/index.html,北京,产品经理
ncss_jobs,detail,https://www.ncss.cn/student/jobs/SxVPXoBioNsnNS7vXPYmHt/detail.html,https://www.ncss.cn/student/jobs/index.html,北京,产品经理
ncss_jobs,detail,https://www.ncss.cn/student/jobs/TFddJF6xguXP4hatRkyt5N/detail.html,https://www.ncss.cn/student/jobs/index.html,北京,产品经理
ncss_jobs,detail,https://www.ncss.cn/student/jobs/TZRftUviVvGGQBMj1f8bXc/detail.html,https://www.ncss.cn/student/jobs/index.html,北京,产品经理
ncss_jobs,detail,https://www.ncss.cn/student/jobs/Uhek6HXVaHS7yCpyKbFnZX/detail.html,https://www.ncss.cn/student/jobs/index.html,北京,产品经理
ncss_jobs,detail,https://www.ncss.cn/student/jobs/Uq44KAWt9smygz99yUeuHK/detail.html,https://www.ncss.cn/student/jobs/index.html,北京,产品经理
ncss_jobs,detail,https://www.ncss.cn/student/jobs/WBTEj1pN4Egd8yFvmsRYNE/detail.html,https://www.ncss.cn/student/jobs/index.html,北京,产品经理
ncss_jobs,detail,https://www.ncss.cn/student/jobs/WYcCd5viCTiwB66jWwNV71/detail.html,https://www.ncss.cn/student/jobs/index.html,北京,产品经理
ncss_jobs,detail,https://www.ncss.cn/student/jobs/Ws4qfu3z9sMgs37zAbuqZU/detail.html,https://www.ncss.cn/student/jobs/index.html,北京,产品经理
ncss_jobs,detail,https://www.ncss.cn/student/jobs/XjQoTqqsxbT1pbNbAdn9Rz/detail.html,https://www.ncss.cn/student/jobs/index.html,北京,产品经理
ncss_jobs,detail,https://www.ncss.cn/student/jobs/KCi1nj3tGEJJk3wNaDFNKE/detail.html,https://www.ncss.cn/student/jobs/index.html,北京,产品经理
ncss_jobs,detail,https://www.ncss.cn/student/jobs/LwHoGRAyQXDQ4JcdPJtQVt/detail.html,https://www.ncss.cn/student/jobs/index.html,北京,产品经理
ncss_jobs,detail,https://www.ncss.cn/student/jobs/PfForZupgGuqg74dGEARGX/detail.html,https://www.ncss.cn/student/jobs/index.html,北京,产品经理
ncss_jobs,detail,https://www.ncss.cn/student/jobs/Qcprw2tVHGbSNKbCifuZt3/detail.html,https://www.ncss.cn/student/jobs/index.html,北京,产品经理
ncss_jobs,detail,https://www.ncss.cn/student/jobs/AW25CskqxF9aSdGTKALgoA/detail.html,https://www.ncss.cn/student/jobs/index.html,北京,产品经理
ncss_jobs,detail,https://www.ncss.cn/student/jobs/AWaXwU9B783aernYEGkKr8/detail.html,https://www.ncss.cn/student/jobs/index.html,北京,产品经理
ncss_jobs,detail,https://www.ncss.cn/student/jobs/AXDnuLp1Tny99pcqsPfmUh/detail.html,https://www.ncss.cn/student/jobs/index.html,北京,产品经理
ncss_jobs,detail,https://www.ncss.cn/student/jobs/B6tNGxN8b7RfEn4h9xn4Rd/detail.html,https://www.ncss.cn/student/jobs/index.html,北京,产品经理
ncss_jobs,detail,https://www.ncss.cn/student/jobs/BqoHSUUbN1rbATrcdNUMad/detail.html,https://www.ncss.cn/student/jobs/index.html,北京,产品经理
ncss_jobs,detail,https://www.ncss.cn/student/jobs/CLpwXJx1v9qAbTYT6FzsLU/detail.html,https://www.ncss.cn/student/jobs/index.html,北京,产品经理
ncss_jobs,detail,https://www.ncss.cn/student/jobs/CZfHV48vQJvz5PSutuPaNC/detail.html,https://www.ncss.cn/student/jobs/index.html,北京,产品经理
ncss_jobs,detail,https://www.ncss.cn/student/jobs/DG3ArxVX7rfrpStnD6NC4H/detail.html,https://www.ncss.cn/student/jobs/index.html,北京,产品经理
ncss_jobs,detail,https://www.ncss.cn/student/jobs/DmucRE6Nji7EPxoCQUNYhJ/detail.html,https://www.ncss.cn/student/jobs/index.html,北京,产品经理
ncss_jobs,detail,https://www.ncss.cn/student/jobs/Dr2G77QSQedXExqxfVoVcz/detail.html,https://www.ncss.cn/student/jobs/index.html,北京,产品经理
ncss_jobs,detail,https://www.ncss.cn/student/jobs/FJ7FVBZHLg8T393A3CUmZa/detail.html,https://www.ncss.cn/student/jobs/index.html,北京,产品经理
ncss_jobs,detail,https://www.ncss.cn/student/jobs/FKt8ibnMjAXyao2VxuVQtw/detail.html,https://www.ncss.cn/student/jobs/index.html,北京,产品经理
ncss_jobs,detail,https://www.ncss.cn/student/jobs/GJdCLoUomtm9xn3G9PPXZS/detail.html,https://www.ncss.cn/student/jobs/index.html,北京,产品经理
ncss_jobs,detail,https://www.ncss.cn/student/jobs/HThw62drmjoMvPoLPCrBks/detail.html,https://www.ncss.cn/student/jobs/index.html,北京,产品经理
ncss_jobs,detail,https://www.ncss.cn/student/jobs/4PQBF5vAowpRE3FCqNdNrA/detail.html,https://www.ncss.cn/student/jobs/index.html,北京,产品经理
ncss_jobs,detail,https://www.ncss.cn/student/jobs/5ws1zKHfpcg1atiykNh2Zu/detail.html,https://www.ncss.cn/student/jobs/index.html,北京,产品经理
ncss_jobs,detail,https://www.ncss.cn/student/jobs/7PcNJiDg5bXVcWYWm5J35r/detail.html,https://www.ncss.cn/student/jobs/index.html,北京,产品经理
ncss_jobs,detail,https://www.ncss.cn/student/jobs/7RxH9fAYbvArWEDJZYzkr4/detail.html,https://www.ncss.cn/student/jobs/index.html,北京,产品经理
ncss_jobs,detail,https://www.ncss.cn/student/jobs/7ZdQpWn9jA23Zdzg1XmJnj/detail.html,https://www.ncss.cn/student/jobs/index.html,北京,产品经理
ncss_jobs,detail,https://www.ncss.cn/student/jobs/8Qdryf2MWxBP3reyia2sAy/detail.html,https://www.ncss.cn/student/jobs/index.html,北京,产品经理
ncss_jobs,detail,https://www.ncss.cn/student/jobs/5HC6o7GmKf2oLmodsncCeC/detail.html,https://www.ncss.cn/student/jobs/index.html,北京,产品经理
ncss_jobs,detail,https://www.ncss.cn/student/jobs/CXWk3KQSYGZMhAAutT4dHt/detail.html,https://www.ncss.cn/student/jobs/index.html,北京,产品经理
ncss_jobs,detail,https://www.ncss.cn/student/jobs/JRgwfLScoc88im7kUJdzu/detail.html,https://www.ncss.cn/student/jobs/index.html,北京,产品经理
ncss_jobs,detail,https://www.ncss.cn/student/jobs/WB1UTZox6uuowZYAE9M5ib/detail.html,https://www.ncss.cn/student/jobs/index.html,北京,产品经理
ncss_jobs,detail,https://www.ncss.cn/student/jobs/Y1DbrV5zrhPnpX7xhWuJ9w/detail.html,https://www.ncss.cn/student/jobs/index.html,北京,产品经理
ncss_jobs,detail,https://www.ncss.cn/student/jobs/SLE3fhQApnPi4CNL2GahBR/detail.html,https://www.ncss.cn/student/jobs/index.html,上海,Python
ncss_jobs,detail,https://www.ncss.cn/student/jobs/V29bU9gWyUmXFAb2Zfwqab/detail.html,https://www.ncss.cn/student/jobs/index.html,上海,Python
ncss_jobs,detail,https://www.ncss.cn/student/jobs/Nw1wTFr5B6uNUPU7LiUSNB/detail.html,https://www.ncss.cn/student/jobs/index.html,上海,Python
ncss_jobs,detail,https://www.ncss.cn/student/jobs/C7cLSpfptZJG9H6KREAzBZ/detail.html,https://www.ncss.cn/student/jobs/index.html,上海,Python
ncss_jobs,detail,https://www.ncss.cn/student/jobs/SbM3TPZErjuJg54KFCBQTh/detail.html,https://www.ncss.cn/student/jobs/index.html,上海,Python
ncss_jobs,detail,https://www.ncss.cn/student/jobs/QkFxmVDi6aTZaaFML4HogQ/detail.html,https://www.ncss.cn/student/jobs/index.html,上海,Python
ncss_jobs,detail,https://www.ncss.cn/student/jobs/KXDLbqG4KtL4CtFvkPGND7/detail.html,https://www.ncss.cn/student/jobs/index.html,上海,Python
ncss_jobs,detail,https://www.ncss.cn/student/jobs/MkyTDhcDtovcXKPcBZw5ui/detail.html,https://www.ncss.cn/student/jobs/index.html,上海,Python
ncss_jobs,detail,https://www.ncss.cn/student/jobs/Q6hd3CipSWXcBuFoyQdAZ/detail.html,https://www.ncss.cn/student/jobs/index.html,上海,Python
ncss_jobs,detail,https://www.ncss.cn/student/jobs/LTNTDKJ3CUf5W6E4oGMvD2/detail.html,https://www.ncss.cn/student/jobs/index.html,上海,Python
ncss_jobs,detail,https://www.ncss.cn/student/jobs/Gt5Rkrxqpu3Lomd5zdwnX1/detail.html,https://www.ncss.cn/student/jobs/index.html,上海,Python
ncss_jobs,detail,https://www.ncss.cn/student/jobs/XqkwPDbdkX8QMqjJ5ByMqp/detail.html,https://www.ncss.cn/student/jobs/index.html,上海,Python
ncss_jobs,detail,https://www.ncss.cn/student/jobs/VPf49obBNULDxabG5CSfh8/detail.html,https://www.ncss.cn/student/jobs/index.html,上海,Python
ncss_jobs,detail,https://www.ncss.cn/student/jobs/5XKJCW8teF5gnxWkVxpQSe/detail.html,https://www.ncss.cn/student/jobs/index.html,上海,Python
ncss_jobs,detail,https://www.ncss.cn/student/jobs/BKt6i9T3bLrg6mL5s2Rk9e/detail.html,https://www.ncss.cn/student/jobs/index.html,上海,Python
ncss_jobs,detail,https://www.ncss.cn/student/jobs/F9YXztNYeETB5vr2k1DQWW/detail.html,https://www.ncss.cn/student/jobs/index.html,上海,Python
ncss_jobs,detail,https://www.ncss.cn/student/jobs/G22k9ePaBg634LNMjHfFfi/detail.html,https://www.ncss.cn/student/jobs/index.html,上海,Python
ncss_jobs,detail,https://www.ncss.cn/student/jobs/3u8NJzFPQFDPRs7WPTJNvS/detail.html,https://www.ncss.cn/student/jobs/index.html,上海,Python
ncss_jobs,detail,https://www.ncss.cn/student/jobs/418foqDiiW4rkF5Ckrb48E/detail.html,https://www.ncss.cn/student/jobs/index.html,上海,Python
ncss_jobs,detail,https://www.ncss.cn/student/jobs/BWFxf3N6rkVXmEbx6gkLZj/detail.html,https://www.ncss.cn/student/jobs/index.html,上海,Python
ncss_jobs,detail,https://www.ncss.cn/student/jobs/Wru13Nd9UC2NjJrdVtKern/detail.html,https://www.ncss.cn/student/jobs/index.html,上海,Python
ncss_jobs,detail,https://www.ncss.cn/student/jobs/UcQaqgw3eLHoXUD5s5qhg6/detail.html,https://www.ncss.cn/student/jobs/index.html,上海,Python
ncss_jobs,detail,https://www.ncss.cn/student/jobs/SkKHXPaS1DDLfz6DRHgmY2/detail.html,https://www.ncss.cn/student/jobs/index.html,上海,Python
ncss_jobs,detail,https://www.ncss.cn/student/jobs/9cJ7jgSaFp8wEFiNaHMTh3/detail.html,https://www.ncss.cn/student/jobs/index.html,上海,Python
ncss_jobs,detail,https://www.ncss.cn/student/jobs/M5EAoT2kXeJihmXpdUGRpb/detail.html,https://www.ncss.cn/student/jobs/index.html,上海,Python
ncss_jobs,detail,https://www.ncss.cn/student/jobs/MkzcnnChmqc2iYNgZnP7YM/detail.html,https://www.ncss.cn/student/jobs/index.html,上海,Python
ncss_jobs,detail,https://www.ncss.cn/student/jobs/TrcvgLvUSWewKW7p43fv7A/detail.html,https://www.ncss.cn/student/jobs/index.html,上海,Python
ncss_jobs,detail,https://www.ncss.cn/student/jobs/Rhu1PhWYn2AXibDcCGMBqs/detail.html,https://www.ncss.cn/student/jobs/index.html,上海,Python
ncss_jobs,detail,https://www.ncss.cn/student/jobs/58m52DzPvSfMEKu6P9w9eR/detail.html,https://www.ncss.cn/student/jobs/index.html,上海,Python
ncss_jobs,detail,https://www.ncss.cn/student/jobs/AceET3nLwi3HVQ6B6m8K29/detail.html,https://www.ncss.cn/student/jobs/index.html,上海,Python
ncss_jobs,detail,https://www.ncss.cn/student/jobs/EwKxCqCDveafREerqFwN68/detail.html,https://www.ncss.cn/student/jobs/index.html,上海,Python
ncss_jobs,detail,https://www.ncss.cn/student/jobs/5Z8Vx4KMEZwVwt6n4Y5AzA/detail.html,https://www.ncss.cn/student/jobs/index.html,上海,Python
ncss_jobs,detail,https://www.ncss.cn/student/jobs/Vs9KmS6abRZQ4FqDKv285V/detail.html,https://www.ncss.cn/student/jobs/index.html,上海,Python
ncss_jobs,detail,https://www.ncss.cn/student/jobs/6jAUTXRACFCBzJScsb2Mkt/detail.html,https://www.ncss.cn/student/jobs/index.html,上海,Python
ncss_jobs,detail,https://www.ncss.cn/student/jobs/W6FuSj6FsM7ATYFU7iD3dV/detail.html,https://www.ncss.cn/student/jobs/index.html,上海,Python
ncss_jobs,detail,https://www.ncss.cn/student/jobs/Py2oNSsM2qoA4QzQFg72pb/detail.html,https://www.ncss.cn/student/jobs/index.html,上海,Python
ncss_jobs,detail,https://www.ncss.cn/student/jobs/VXvwrwsxGeaYaYXNqUYQiw/detail.html,https://www.ncss.cn/student/jobs/index.html,上海,Python
ncss_jobs,detail,https://www.ncss.cn/student/jobs/CzYWhAkcttqmbZqBSw5rWh/detail.html,https://www.ncss.cn/student/jobs/index.html,上海,Python
ncss_jobs,detail,https://www.ncss.cn/student/jobs/E37iGEnL8YSa1GdHVpEBHr/detail.html,https://www.ncss.cn/student/jobs/index.html,上海,Python
ncss_jobs,detail,https://www.ncss.cn/student/jobs/8vp7sfgPwsvRH2gfFwWVnr/detail.html,https://www.ncss.cn/student/jobs/index.html,上海,Python
ncss_jobs,detail,https://www.ncss.cn/student/jobs/Rdnyj3oB3mmFCaty3GhWus/detail.html,https://www.ncss.cn/student/jobs/index.html,上海,Python
ncss_jobs,detail,https://www.ncss.cn/student/jobs/V4JYReq4eG3vEtgTdmNJet/detail.html,https://www.ncss.cn/student/jobs/index.html,上海,Python
ncss_jobs,detail,https://www.ncss.cn/student/jobs/UVL8poHoHc21EzayzMaaFF/detail.html,https://www.ncss.cn/student/jobs/index.html,上海,Python
ncss_jobs,detail,https://www.ncss.cn/student/jobs/GCkmhMwL2B7ck5M9SkTqj4/detail.html,https://www.ncss.cn/student/jobs/index.html,上海,Python
ncss_jobs,detail,https://www.ncss.cn/student/jobs/6XtWwH2yuyd6EzTSrKcDio/detail.html,https://www.ncss.cn/student/jobs/index.html,上海,Python
ncss_jobs,detail,https://www.ncss.cn/student/jobs/6PKzf2xn8eJQS3snByreYN/detail.html,https://www.ncss.cn/student/jobs/index.html,上海,Python
ncss_jobs,detail,https://www.ncss.cn/student/jobs/2q7x1hQUErTQdXD6TNffCH/detail.html,https://www.ncss.cn/student/jobs/index.html,上海,Python
ncss_jobs,detail,https://www.ncss.cn/student/jobs/91gCVutD12EgWbMkBqnrEy/detail.html,https://www.ncss.cn/student/jobs/index.html,上海,Python
ncss_jobs,detail,https://www.ncss.cn/student/jobs/WBNtF5j5TJ6oNardWdK7sF/detail.html,https://www.ncss.cn/student/jobs/index.html,上海,Python
ncss_jobs,detail,https://www.ncss.cn/student/jobs/GuFsoq5ABo95GhTeVmvBjN/detail.html,https://www.ncss.cn/student/jobs/index.html,上海,Python
ncss_jobs,detail,https://www.ncss.cn/student/jobs/CuwZeMWhhKmAH7YvGaxhuy/detail.html,https://www.ncss.cn/student/jobs/index.html,上海,Python
ncss_jobs,detail,https://www.ncss.cn/student/jobs/VKKGKFQnex6e3KH34q29kK/detail.html,https://www.ncss.cn/student/jobs/index.html,上海,Python
ncss_jobs,detail,https://www.ncss.cn/student/jobs/2eLqz4jWXXJXa3eEpjNYt2/detail.html,https://www.ncss.cn/student/jobs/index.html,上海,Python
ncss_jobs,detail,https://www.ncss.cn/student/jobs/RZvqT7UHf4b339YxLYi4ax/detail.html,https://www.ncss.cn/student/jobs/index.html,上海,Python
ncss_jobs,detail,https://www.ncss.cn/student/jobs/Xr4N26jpKXf89n15y5hbwy/detail.html,https://www.ncss.cn/student/jobs/index.html,上海,Python
ncss_jobs,detail,https://www.ncss.cn/student/jobs/P1Gj9fJFdCzc7uMJyS7YWs/detail.html,https://www.ncss.cn/student/jobs/index.html,上海,Python
ncss_jobs,detail,https://www.ncss.cn/student/jobs/QvCyA7ricXGpJz1xd8k9Rk/detail.html,https://www.ncss.cn/student/jobs/index.html,上海,Python
ncss_jobs,detail,https://www.ncss.cn/student/jobs/CRR4n1dgS4bGy9fXuSmLtQ/detail.html,https://www.ncss.cn/student/jobs/index.html,上海,Python
ncss_jobs,detail,https://www.ncss.cn/student/jobs/H4tsUn2uDbEwTRoiEVvJdZ/detail.html,https://www.ncss.cn/student/jobs/index.html,上海,Python
ncss_jobs,detail,https://www.ncss.cn/student/jobs/41dr6EsAQWBh2das55hrse/detail.html,https://www.ncss.cn/student/jobs/index.html,上海,Python
ncss_jobs,detail,https://www.ncss.cn/student/jobs/Wy9dWQfTdDn5Nmdd9b9Ji1/detail.html,https://www.ncss.cn/student/jobs/index.html,上海,数据分析
ncss_jobs,detail,https://www.ncss.cn/student/jobs/VAZvH4PGSpXW99Z6G3gkLJ/detail.html,https://www.ncss.cn/student/jobs/index.html,上海,数据分析
ncss_jobs,detail,https://www.ncss.cn/student/jobs/GbwboEeNF8Z629AwAWrSub/detail.html,https://www.ncss.cn/student/jobs/index.html,上海,数据分析
ncss_jobs,detail,https://www.ncss.cn/student/jobs/K2WuK439ownG2kVLkCfXBP/detail.html,https://www.ncss.cn/student/jobs/index.html,上海,数据分析
ncss_jobs,detail,https://www.ncss.cn/student/jobs/2SN55kLjs821uhFkxyehxa/detail.html,https://www.ncss.cn/student/jobs/index.html,上海,数据分析
ncss_jobs,detail,https://www.ncss.cn/student/jobs/7qz8Kw9G2yhfSjrzu28KkA/detail.html,https://www.ncss.cn/student/jobs/index.html,上海,数据分析
ncss_jobs,detail,https://www.ncss.cn/student/jobs/8TKjcJRv85xzJzVARLhwRE/detail.html,https://www.ncss.cn/student/jobs/index.html,上海,数据分析
ncss_jobs,detail,https://www.ncss.cn/student/jobs/UgE417U6A46fSHedg3oTC/detail.html,https://www.ncss.cn/student/jobs/index.html,上海,数据分析
ncss_jobs,detail,https://www.ncss.cn/student/jobs/5nwt7qx8DWDLTUyHurxTwF/detail.html,https://www.ncss.cn/student/jobs/index.html,上海,数据分析
ncss_jobs,detail,https://www.ncss.cn/student/jobs/8qtqJSoEieDpgNvmYhGCzQ/detail.html,https://www.ncss.cn/student/jobs/index.html,上海,数据分析
ncss_jobs,detail,https://www.ncss.cn/student/jobs/RSE6277L84apUcQjVZQpMN/detail.html,https://www.ncss.cn/student/jobs/index.html,上海,数据分析
ncss_jobs,detail,https://www.ncss.cn/student/jobs/AbWssCVtuLfjWkripooiAf/detail.html,https://www.ncss.cn/student/jobs/index.html,上海,数据分析
ncss_jobs,detail,https://www.ncss.cn/student/jobs/688f44aRGRGjpYfxL4oXeh/detail.html,https://www.ncss.cn/student/jobs/index.html,上海,数据分析
ncss_jobs,detail,https://www.ncss.cn/student/jobs/BJCvVZ4s86nTjWj7JCjbAk/detail.html,https://www.ncss.cn/student/jobs/index.html,上海,数据分析
ncss_jobs,detail,https://www.ncss.cn/student/jobs/VeawWX3xhDKGwp7wQS9y12/detail.html,https://www.ncss.cn/student/jobs/index.html,上海,数据分析
ncss_jobs,detail,https://www.ncss.cn/student/jobs/5cC54vYkZCybbt6GZWuUFi/detail.html,https://www.ncss.cn/student/jobs/index.html,上海,数据分析
ncss_jobs,detail,https://www.ncss.cn/student/jobs/RTT87P2cmR7htQBqFHWSpY/detail.html,https://www.ncss.cn/student/jobs/index.html,上海,数据分析
ncss_jobs,detail,https://www.ncss.cn/student/jobs/DUCtHTs2LUuCJNXbAF3Fk7/detail.html,https://www.ncss.cn/student/jobs/index.html,上海,数据分析
ncss_jobs,detail,https://www.ncss.cn/student/jobs/GkV1woo5j2GGhyQuCeCrr2/detail.html,https://www.ncss.cn/student/jobs/index.html,上海,数据分析
ncss_jobs,detail,https://www.ncss.cn/student/jobs/JPfFsJuKm7pyiC3qHn44nL/detail.html,https://www.ncss.cn/student/jobs/index.html,上海,数据分析
ncss_jobs,detail,https://www.ncss.cn/student/jobs/AZjzhLo7uTy2LhZioyXhaL/detail.html,https://www.ncss.cn/student/jobs/index.html,上海,数据分析
ncss_jobs,detail,https://www.ncss.cn/student/jobs/MyvsvyZDPgwJafXGCBZaye/detail.html,https://www.ncss.cn/student/jobs/index.html,上海,数据分析
ncss_jobs,detail,https://www.ncss.cn/student/jobs/Vc3Ea2dRFSJMGMehNbgj9V/detail.html,https://www.ncss.cn/student/jobs/index.html,上海,数据分析
ncss_jobs,detail,https://www.ncss.cn/student/jobs/cnYStwYJfKQqXoEb16H1v/detail.html,https://www.ncss.cn/student/jobs/index.html,上海,数据分析
ncss_jobs,detail,https://www.ncss.cn/student/jobs/Ja2MxPZQgirSebHj3CXkdv/detail.html,https://www.ncss.cn/student/jobs/index.html,上海,数据分析
ncss_jobs,detail,https://www.ncss.cn/student/jobs/C7LkMDw1xzdJVqmwE81zBY/detail.html,https://www.ncss.cn/student/jobs/index.html,上海,数据分析
ncss_jobs,detail,https://www.ncss.cn/student/jobs/E8gbwCoQtncL128NPJacA1/detail.html,https://www.ncss.cn/student/jobs/index.html,上海,数据分析
ncss_jobs,detail,https://www.ncss.cn/student/jobs/FVA1MPyFtntxAhixdE7cqu/detail.html,https://www.ncss.cn/student/jobs/index.html,上海,数据分析
ncss_jobs,detail,https://www.ncss.cn/student/jobs/UgFHGqt6xQxNyFg9N2ZnrU/detail.html,https://www.ncss.cn/student/jobs/index.html,上海,数据分析
ncss_jobs,detail,https://www.ncss.cn/student/jobs/ArNRvDmf95bnq9LG8fGkHi/detail.html,https://www.ncss.cn/student/jobs/index.html,上海,数据分析
ncss_jobs,detail,https://www.ncss.cn/student/jobs/DTKLLY8rxToY2szBkbbu6t/detail.html,https://www.ncss.cn/student/jobs/index.html,上海,数据分析
ncss_jobs,detail,https://www.ncss.cn/student/jobs/4PpPv5DHYJK66kAcHH2i3K/detail.html,https://www.ncss.cn/student/jobs/index.html,上海,数据分析
ncss_jobs,detail,https://www.ncss.cn/student/jobs/5fyFQ9AfKfgdya586cSCAZ/detail.html,https://www.ncss.cn/student/jobs/index.html,上海,数据分析
ncss_jobs,detail,https://www.ncss.cn/student/jobs/GUBGVLpsjc69DREhWp3JPn/detail.html,https://www.ncss.cn/student/jobs/index.html,上海,数据分析
ncss_jobs,detail,https://www.ncss.cn/student/jobs/JpEiU6W99mNWgQ6vaWbVS8/detail.html,https://www.ncss.cn/student/jobs/index.html,上海,数据分析
ncss_jobs,detail,https://www.ncss.cn/student/jobs/5u7qSTFY4WsX62jeAEef8Q/detail.html,https://www.ncss.cn/student/jobs/index.html,上海,数据分析
ncss_jobs,detail,https://www.ncss.cn/student/jobs/JBkAMDdVJMTkm157wkKnpT/detail.html,https://www.ncss.cn/student/jobs/index.html,上海,数据分析
ncss_jobs,detail,https://www.ncss.cn/student/jobs/91c7oKRQSrEcdPguQAFLV6/detail.html,https://www.ncss.cn/student/jobs/index.html,上海,数据分析
ncss_jobs,detail,https://www.ncss.cn/student/jobs/LmJjMyugyWDjATfRnXUTku/detail.html,https://www.ncss.cn/student/jobs/index.html,上海,数据分析
ncss_jobs,detail,https://www.ncss.cn/student/jobs/62qBmHjnYaCPDvfDXFCVR7/detail.html,https://www.ncss.cn/student/jobs/index.html,上海,数据分析
ncss_jobs,detail,https://www.ncss.cn/student/jobs/H1jyStSksQzjNVNVJRWbjT/detail.html,https://www.ncss.cn/student/jobs/index.html,上海,数据分析
ncss_jobs,detail,https://www.ncss.cn/student/jobs/YQ3rwQFgd7czGK4vGYpC6t/detail.html,https://www.ncss.cn/student/jobs/index.html,上海,数据分析
ncss_jobs,detail,https://www.ncss.cn/student/jobs/RVs36m2uAjhLMeE48Gf2hA/detail.html,https://www.ncss.cn/student/jobs/index.html,上海,数据分析
ncss_jobs,detail,https://www.ncss.cn/student/jobs/XBC4Y1J4YD4LL9Ks14gdLx/detail.html,https://www.ncss.cn/student/jobs/index.html,上海,数据分析
ncss_jobs,detail,https://www.ncss.cn/student/jobs/CJ9XMRnNp21FCvtCEidP8B/detail.html,https://www.ncss.cn/student/jobs/index.html,上海,数据分析
ncss_jobs,detail,https://www.ncss.cn/student/jobs/ToeKqNY5feG7nqNfNS3Ru4/detail.html,https://www.ncss.cn/student/jobs/index.html,上海,数据分析
ncss_jobs,detail,https://www.ncss.cn/student/jobs/4o4WvjCaqQP48xk9k7q5T6/detail.html,https://www.ncss.cn/student/jobs/index.html,上海,数据分析
ncss_jobs,detail,https://www.ncss.cn/student/jobs/XohDoJGjYLKGf5kuuinrcU/detail.html,https://www.ncss.cn/student/jobs/index.html,上海,数据分析
ncss_jobs,detail,https://www.ncss.cn/student/jobs/MEf5N866bsQrACrBv1prhJ/detail.html,https://www.ncss.cn/student/jobs/index.html,上海,数据分析
ncss_jobs,detail,https://www.ncss.cn/student/jobs/UL8sxvaCJ9Cytj35jAkzuU/detail.html,https://www.ncss.cn/student/jobs/index.html,上海,数据分析
ncss_jobs,detail,https://www.ncss.cn/student/jobs/KzaBqxdxiCc6pe4sTGZGF3/detail.html,https://www.ncss.cn/student/jobs/index.html,上海,数据分析
ncss_jobs,detail,https://www.ncss.cn/student/jobs/BRG7adDjQdPPDPbLCyiR8u/detail.html,https://www.ncss.cn/student/jobs/index.html,上海,数据分析
ncss_jobs,detail,https://www.ncss.cn/student/jobs/Epdauo7XQBYWrZHzJLPNoE/detail.html,https://www.ncss.cn/student/jobs/index.html,上海,数据分析
ncss_jobs,detail,https://www.ncss.cn/student/jobs/X6dVGpTczThccvWhYsRynJ/detail.html,https://www.ncss.cn/student/jobs/index.html,上海,数据分析
ncss_jobs,detail,https://www.ncss.cn/student/jobs/At8wLfB3cfL133P8SP9EE7/detail.html,https://www.ncss.cn/student/jobs/index.html,上海,数据分析
ncss_jobs,detail,https://www.ncss.cn/student/jobs/Xry5Dt898KHGMfobyUZviz/detail.html,https://www.ncss.cn/student/jobs/index.html,上海,数据分析
ncss_jobs,detail,https://www.ncss.cn/student/jobs/XFHnsnMqYP54agPU8oBUAM/detail.html,https://www.ncss.cn/student/jobs/index.html,上海,数据分析
ncss_jobs,detail,https://www.ncss.cn/student/jobs/S453mELezpP4GGc9fp6G5v/detail.html,https://www.ncss.cn/student/jobs/index.html,上海,数据分析
ncss_jobs,detail,https://www.ncss.cn/student/jobs/TQJ9pg2ETZcpr5J7FWqBjX/detail.html,https://www.ncss.cn/student/jobs/index.html,上海,数据分析
ncss_jobs,detail,https://www.ncss.cn/student/jobs/NXinH1QWtxNeR1GN9f9P3b/detail.html,https://www.ncss.cn/student/jobs/index.html,上海,数据分析
ncss_jobs,detail,https://www.ncss.cn/student/jobs/X3zHEunCPcv27X4gF65yFs/detail.html,https://www.ncss.cn/student/jobs/index.html,上海,运营
ncss_jobs,detail,https://www.ncss.cn/student/jobs/X4Ge7YHVRqjDXhVjaDjQAc/detail.html,https://www.ncss.cn/student/jobs/index.html,上海,运营
ncss_jobs,detail,https://www.ncss.cn/student/jobs/YL3SUdb5zhu2K25N7CVVCT/detail.html,https://www.ncss.cn/student/jobs/index.html,上海,运营
ncss_jobs,detail,https://www.ncss.cn/student/jobs/r4QLmJjkVYqWJqbyeA2Wx/detail.html,https://www.ncss.cn/student/jobs/index.html,上海,运营
ncss_jobs,detail,https://www.ncss.cn/student/jobs/MNfzoCB4aL59nGN1xAvpW3/detail.html,https://www.ncss.cn/student/jobs/index.html,上海,运营
ncss_jobs,detail,https://www.ncss.cn/student/jobs/MuHoxJw9BytohdKqSjWRtz/detail.html,https://www.ncss.cn/student/jobs/index.html,上海,运营
ncss_jobs,detail,https://www.ncss.cn/student/jobs/P5BCQyd5nnGAX6QR52DtYt/detail.html,https://www.ncss.cn/student/jobs/index.html,上海,运营
ncss_jobs,detail,https://www.ncss.cn/student/jobs/PHvvqrrvEoM7mfZ8ad4bzj/detail.html,https://www.ncss.cn/student/jobs/index.html,上海,运营
ncss_jobs,detail,https://www.ncss.cn/student/jobs/S6FPic23d5BuEmTKa3gGY4/detail.html,https://www.ncss.cn/student/jobs/index.html,上海,运营
ncss_jobs,detail,https://www.ncss.cn/student/jobs/TuNYAYAZxRKjbKF8xdkBDV/detail.html,https://www.ncss.cn/student/jobs/index.html,上海,运营
ncss_jobs,detail,https://www.ncss.cn/student/jobs/UP4WF49h4v9x2JjRmhhj3t/detail.html,https://www.ncss.cn/student/jobs/index.html,上海,运营
ncss_jobs,detail,https://www.ncss.cn/student/jobs/VEwRdEeNRVWwGWRxvpyZYs/detail.html,https://www.ncss.cn/student/jobs/index.html,上海,运营
ncss_jobs,detail,https://www.ncss.cn/student/jobs/BfMSGhZQT4XB1Guj8rxyb7/detail.html,https://www.ncss.cn/student/jobs/index.html,上海,运营
ncss_jobs,detail,https://www.ncss.cn/student/jobs/Bm2hrSDabXBpzaK9FYbMKq/detail.html,https://www.ncss.cn/student/jobs/index.html,上海,运营
ncss_jobs,detail,https://www.ncss.cn/student/jobs/CMKbQp8p74qxbVDGbUeadS/detail.html,https://www.ncss.cn/student/jobs/index.html,上海,运营
ncss_jobs,detail,https://www.ncss.cn/student/jobs/Chb7rt64DfAnevyf3vBL9p/detail.html,https://www.ncss.cn/student/jobs/index.html,上海,运营
ncss_jobs,detail,https://www.ncss.cn/student/jobs/DEp5Vzzd4JFCnXTkK8od35/detail.html,https://www.ncss.cn/student/jobs/index.html,上海,运营
ncss_jobs,detail,https://www.ncss.cn/student/jobs/EpYLygLsBwGqRg6ut2fGEo/detail.html,https://www.ncss.cn/student/jobs/index.html,上海,运营
ncss_jobs,detail,https://www.ncss.cn/student/jobs/G69GrScVjhebaHnNyXen2e/detail.html,https://www.ncss.cn/student/jobs/index.html,上海,运营
ncss_jobs,detail,https://www.ncss.cn/student/jobs/GNT3WBHjk8STUtvNLY5s8m/detail.html,https://www.ncss.cn/student/jobs/index.html,上海,运营
ncss_jobs,detail,https://www.ncss.cn/student/jobs/GNumb1L7Yx6bSCs9VAqmf6/detail.html,https://www.ncss.cn/student/jobs/index.html,上海,运营
ncss_jobs,detail,https://www.ncss.cn/student/jobs/GQjn1WGLmYArUEowYHzvVL/detail.html,https://www.ncss.cn/student/jobs/index.html,上海,运营
ncss_jobs,detail,https://www.ncss.cn/student/jobs/JGAhYUfTmA1B49LT82jUJH/detail.html,https://www.ncss.cn/student/jobs/index.html,上海,运营
ncss_jobs,detail,https://www.ncss.cn/student/jobs/KHDLFAGiezFpHjFi7Qe3QW/detail.html,https://www.ncss.cn/student/jobs/index.html,上海,运营
ncss_jobs,detail,https://www.ncss.cn/student/jobs/KeNtEsYJgWS2A43QqbxZ6t/detail.html,https://www.ncss.cn/student/jobs/index.html,上海,运营
ncss_jobs,detail,https://www.ncss.cn/student/jobs/LMs1FG7QMHQiukmoMFJTQC/detail.html,https://www.ncss.cn/student/jobs/index.html,上海,运营
ncss_jobs,detail,https://www.ncss.cn/student/jobs/LrGjL3ma5CAQcT5AWhsQ1c/detail.html,https://www.ncss.cn/student/jobs/index.html,上海,运营
ncss_jobs,detail,https://www.ncss.cn/student/jobs/M6YYnU9NMgSsfoPju4J5CT/detail.html,https://www.ncss.cn/student/jobs/index.html,上海,运营
ncss_jobs,detail,https://www.ncss.cn/student/jobs/2zwyF83gz9dpVsCxShaot1/detail.html,https://www.ncss.cn/student/jobs/index.html,上海,运营
ncss_jobs,detail,https://www.ncss.cn/student/jobs/42JhepLQhCWzsaQEyhsDn5/detail.html,https://www.ncss.cn/student/jobs/index.html,上海,运营
ncss_jobs,detail,https://www.ncss.cn/student/jobs/4toMRETCDqs52Wft81NzMY/detail.html,https://www.ncss.cn/student/jobs/index.html,上海,运营
ncss_jobs,detail,https://www.ncss.cn/student/jobs/5LsneC7teZvdpp9R9DP3Ur/detail.html,https://www.ncss.cn/student/jobs/index.html,上海,运营
ncss_jobs,detail,https://www.ncss.cn/student/jobs/5t9vbpgSavBKpTW92Vs5R8/detail.html,https://www.ncss.cn/student/jobs/index.html,上海,运营
ncss_jobs,detail,https://www.ncss.cn/student/jobs/6CmVGAAcFwPZqy2oLYavTc/detail.html,https://www.ncss.cn/student/jobs/index.html,上海,运营
ncss_jobs,detail,https://www.ncss.cn/student/jobs/6Mh9byE7JAYUGh8eY9TjnU/detail.html,https://www.ncss.cn/student/jobs/index.html,上海,运营
ncss_jobs,detail,https://www.ncss.cn/student/jobs/8L26GWyiqQ6K8NJPfgBxuS/detail.html,https://www.ncss.cn/student/jobs/index.html,上海,运营
ncss_jobs,detail,https://www.ncss.cn/student/jobs/Af4eDg9MmMWKjGEyPwPA1p/detail.html,https://www.ncss.cn/student/jobs/index.html,上海,运营
ncss_jobs,detail,https://www.ncss.cn/student/jobs/Ag2AhU6gRRMdmFuU9Gryed/detail.html,https://www.ncss.cn/student/jobs/index.html,上海,运营
ncss_jobs,detail,https://www.ncss.cn/student/jobs/Ag6kHQLWUjqbGRfAewGzTq/detail.html,https://www.ncss.cn/student/jobs/index.html,上海,运营
ncss_jobs,detail,https://www.ncss.cn/student/jobs/BBqa6mQsmDVchTJzWYRB3C/detail.html,https://www.ncss.cn/student/jobs/index.html,上海,运营
ncss_jobs,detail,https://www.ncss.cn/student/jobs/BGGWbjqZghmUrzc9TCNqe8/detail.html,https://www.ncss.cn/student/jobs/index.html,上海,运营
ncss_jobs,detail,https://www.ncss.cn/student/jobs/6eTVRbS1bag8A57ZLAsEy7/detail.html,https://www.ncss.cn/student/jobs/index.html,上海,运营
ncss_jobs,detail,https://www.ncss.cn/student/jobs/XPL1aZ4HMsAjmgvL1CJoEk/detail.html,https://www.ncss.cn/student/jobs/index.html,上海,运营
ncss_jobs,detail,https://www.ncss.cn/student/jobs/MRQKC5Wu1Djq2QUoZJSZ7z/detail.html,https://www.ncss.cn/student/jobs/index.html,上海,运营
ncss_jobs,detail,https://www.ncss.cn/student/jobs/HMMSHNjBW4qirXzMLGJKh5/detail.html,https://www.ncss.cn/student/jobs/index.html,上海,运营
ncss_jobs,detail,https://www.ncss.cn/student/jobs/4Gn46ZEPcKqRW9MzP63EjJ/detail.html,https://www.ncss.cn/student/jobs/index.html,上海,运营
ncss_jobs,detail,https://www.ncss.cn/student/jobs/7XAdcxKZUY1jeQioy434Ug/detail.html,https://www.ncss.cn/student/jobs/index.html,上海,运营
ncss_jobs,detail,https://www.ncss.cn/student/jobs/KCcmsk1GTD4ryLo8CueuFP/detail.html,https://www.ncss.cn/student/jobs/index.html,上海,运营
ncss_jobs,detail,https://www.ncss.cn/student/jobs/BPZPR2pVgkpcdtFzEngLet/detail.html,https://www.ncss.cn/student/jobs/index.html,上海,运营
ncss_jobs,detail,https://www.ncss.cn/student/jobs/MnsESymNvAG5d4DFkeNFtF/detail.html,https://www.ncss.cn/student/jobs/index.html,上海,运营
ncss_jobs,detail,https://www.ncss.cn/student/jobs/WHFf3xsnLjRwwx8Y2uteog/detail.html,https://www.ncss.cn/student/jobs/index.html,上海,运营
ncss_jobs,detail,https://www.ncss.cn/student/jobs/4tyvUjTY3SjGaXenAb7xEd/detail.html,https://www.ncss.cn/student/jobs/index.html,上海,运营
ncss_jobs,detail,https://www.ncss.cn/student/jobs/AYf6FunMZf4GLFAEhHxPTy/detail.html,https://www.ncss.cn/student/jobs/index.html,上海,运营
ncss_jobs,detail,https://www.ncss.cn/student/jobs/HHk2iFE7fKnX8vHaGsfwz3/detail.html,https://www.ncss.cn/student/jobs/index.html,上海,运营
ncss_jobs,detail,https://www.ncss.cn/student/jobs/3vApS1xJBHEs5BFek6Z6AY/detail.html,https://www.ncss.cn/student/jobs/index.html,上海,运营
ncss_jobs,detail,https://www.ncss.cn/student/jobs/MP1Npe6pCHoRjaaAsUxVzD/detail.html,https://www.ncss.cn/student/jobs/index.html,上海,运营
ncss_jobs,detail,https://www.ncss.cn/student/jobs/ScrPYv9w4nb22dt5JhS4bH/detail.html,https://www.ncss.cn/student/jobs/index.html,上海,运营
ncss_jobs,detail,https://www.ncss.cn/student/jobs/TTV4KcjPRHWH9ZCAmzUywE/detail.html,https://www.ncss.cn/student/jobs/index.html,上海,运营
ncss_jobs,detail,https://www.ncss.cn/student/jobs/TTzAJYWKGqdesLQhfEC4MD/detail.html,https://www.ncss.cn/student/jobs/index.html,上海,运营
ncss_jobs,detail,https://www.ncss.cn/student/jobs/TnegZrbASSwpVePtBm7Jjq/detail.html,https://www.ncss.cn/student/jobs/index.html,上海,运营
ncss_jobs,detail,https://www.ncss.cn/student/jobs/2CdJqhc6JESGecCvk5UzE1/detail.html,https://www.ncss.cn/student/jobs/index.html,上海,行政
ncss_jobs,detail,https://www.ncss.cn/student/jobs/crd3sxwqREiE8d6BEnGd2/detail.html,https://www.ncss.cn/student/jobs/index.html,上海,行政
ncss_jobs,detail,https://www.ncss.cn/student/jobs/NP7gngAKWJLcokJMpaHjq6/detail.html,https://www.ncss.cn/student/jobs/index.html,上海,行政
ncss_jobs,detail,https://www.ncss.cn/student/jobs/UMR2aUQLm4CuMT2LCEUC4c/detail.html,https://www.ncss.cn/student/jobs/index.html,上海,行政
ncss_jobs,detail,https://www.ncss.cn/student/jobs/DL1Hr4FYgCGBYpN79YrxCu/detail.html,https://www.ncss.cn/student/jobs/index.html,上海,行政
ncss_jobs,detail,https://www.ncss.cn/student/jobs/J5TiCJUxjJ6HtPiNyoi3Es/detail.html,https://www.ncss.cn/student/jobs/index.html,上海,行政
ncss_jobs,detail,https://www.ncss.cn/student/jobs/3HotNnvq5oLMuY5y4GWrfN/detail.html,https://www.ncss.cn/student/jobs/index.html,上海,行政
ncss_jobs,detail,https://www.ncss.cn/student/jobs/5H1iQeDK81ym2Ez5aobotD/detail.html,https://www.ncss.cn/student/jobs/index.html,上海,行政
ncss_jobs,detail,https://www.ncss.cn/student/jobs/5iaXmoKH31FTeV3pW2XiBu/detail.html,https://www.ncss.cn/student/jobs/index.html,上海,行政
ncss_jobs,detail,https://www.ncss.cn/student/jobs/SNscUXvSyGX6ZTCeZiBxbv/detail.html,https://www.ncss.cn/student/jobs/index.html,上海,行政
ncss_jobs,detail,https://www.ncss.cn/student/jobs/y1pUTMfZdPxu75kx9LfYZ/detail.html,https://www.ncss.cn/student/jobs/index.html,上海,行政
ncss_jobs,detail,https://www.ncss.cn/student/jobs/Fg9q2i1JKKM6XvQKMqSC8b/detail.html,https://www.ncss.cn/student/jobs/index.html,上海,行政
ncss_jobs,detail,https://www.ncss.cn/student/jobs/7cZrVzynYbH1SHyPcRcWEL/detail.html,https://www.ncss.cn/student/jobs/index.html,上海,行政
ncss_jobs,detail,https://www.ncss.cn/student/jobs/6wUdUcGSyMgmP9yTceUdpq/detail.html,https://www.ncss.cn/student/jobs/index.html,上海,行政
ncss_jobs,detail,https://www.ncss.cn/student/jobs/RRMq8dYeMJTHashKEYvg9i/detail.html,https://www.ncss.cn/student/jobs/index.html,上海,行政
ncss_jobs,detail,https://www.ncss.cn/student/jobs/65MaTPvm9Ldni7wFuuGPqh/detail.html,https://www.ncss.cn/student/jobs/index.html,上海,行政
ncss_jobs,detail,https://www.ncss.cn/student/jobs/7jt4Fpp6ZTb7NNDE9k7A5t/detail.html,https://www.ncss.cn/student/jobs/index.html,上海,行政
ncss_jobs,detail,https://www.ncss.cn/student/jobs/FktbCwB1xfHuRFjqjP4zbW/detail.html,https://www.ncss.cn/student/jobs/index.html,上海,行政
ncss_jobs,detail,https://www.ncss.cn/student/jobs/V7XFDAq4oA2Ca55qvhspff/detail.html,https://www.ncss.cn/student/jobs/index.html,上海,行政
ncss_jobs,detail,https://www.ncss.cn/student/jobs/VWRi5rwWkn3MsGRP38HWbC/detail.html,https://www.ncss.cn/student/jobs/index.html,上海,行政
ncss_jobs,detail,https://www.ncss.cn/student/jobs/JdujQTAN5sZBQ2t9cJTxwW/detail.html,https://www.ncss.cn/student/jobs/index.html,上海,行政
ncss_jobs,detail,https://www.ncss.cn/student/jobs/L1UypUTB3juXVc4G8sWxJe/detail.html,https://www.ncss.cn/student/jobs/index.html,上海,行政
ncss_jobs,detail,https://www.ncss.cn/student/jobs/PT9JXcfXEoos5qLXUos9XT/detail.html,https://www.ncss.cn/student/jobs/index.html,上海,行政
ncss_jobs,detail,https://www.ncss.cn/student/jobs/BxyuqSX5z4C8eVoH8rrHxi/detail.html,https://www.ncss.cn/student/jobs/index.html,上海,行政
ncss_jobs,detail,https://www.ncss.cn/student/jobs/F5DpKSp5sNFJbzK1YGhdra/detail.html,https://www.ncss.cn/student/jobs/index.html,上海,行政
ncss_jobs,detail,https://www.ncss.cn/student/jobs/FR9w5q39KH6Rz7CpyXF9eb/detail.html,https://www.ncss.cn/student/jobs/index.html,上海,行政
ncss_jobs,detail,https://www.ncss.cn/student/jobs/4R25JsqwMRLTUdHeRnmTWP/detail.html,https://www.ncss.cn/student/jobs/index.html,上海,行政
ncss_jobs,detail,https://www.ncss.cn/student/jobs/164tBFC1KyCYhAjkiRwe4a/detail.html,https://www.ncss.cn/student/jobs/index.html,上海,行政
ncss_jobs,detail,https://www.ncss.cn/student/jobs/Nm8tAkTtA7hqo7QBufdGXB/detail.html,https://www.ncss.cn/student/jobs/index.html,上海,行政
ncss_jobs,detail,https://www.ncss.cn/student/jobs/92RCK3dQuzzDrAeGcdJj7N/detail.html,https://www.ncss.cn/student/jobs/index.html,上海,行政
ncss_jobs,detail,https://www.ncss.cn/student/jobs/2FYfzQNkiTKQYvkmvNzq8L/detail.html,https://www.ncss.cn/student/jobs/index.html,上海,行政
ncss_jobs,detail,https://www.ncss.cn/student/jobs/2PAJJbs8byjJoc9SAbfCUA/detail.html,https://www.ncss.cn/student/jobs/index.html,上海,行政
ncss_jobs,detail,https://www.ncss.cn/student/jobs/835TmJZf3Z2uAHu6QoeSdX/detail.html,https://www.ncss.cn/student/jobs/index.html,上海,行政
ncss_jobs,detail,https://www.ncss.cn/student/jobs/8ddMZeURQL2A6YHKTHH6Eu/detail.html,https://www.ncss.cn/student/jobs/index.html,上海,行政
ncss_jobs,detail,https://www.ncss.cn/student/jobs/BWuLw9piFfP8XYLTuMEHUy/detail.html,https://www.ncss.cn/student/jobs/index.html,上海,行政
ncss_jobs,detail,https://www.ncss.cn/student/jobs/E6tjZ8f36RXh8q63wYZr9w/detail.html,https://www.ncss.cn/student/jobs/index.html,上海,行政
ncss_jobs,detail,https://www.ncss.cn/student/jobs/PRWDV6VT1ohXnM6ecEgdHg/detail.html,https://www.ncss.cn/student/jobs/index.html,上海,行政
ncss_jobs,detail,https://www.ncss.cn/student/jobs/STdMXEj3ukuMkGnMsrZh6V/detail.html,https://www.ncss.cn/student/jobs/index.html,上海,行政
ncss_jobs,detail,https://www.ncss.cn/student/jobs/QWGSsBrJe3Nb9WqqpGNVF6/detail.html,https://www.ncss.cn/student/jobs/index.html,上海,行政
ncss_jobs,detail,https://www.ncss.cn/student/jobs/NpFvTKdKKdhmNkYmVVE9Mv/detail.html,https://www.ncss.cn/student/jobs/index.html,上海,行政
ncss_jobs,detail,https://www.ncss.cn/student/jobs/DAzmiWRtM196eecnvQVx8E/detail.html,https://www.ncss.cn/student/jobs/index.html,上海,行政
ncss_jobs,detail,https://www.ncss.cn/student/jobs/EKU7jhpbuBd22nFvNU9Mnp/detail.html,https://www.ncss.cn/student/jobs/index.html,上海,行政
ncss_jobs,detail,https://www.ncss.cn/student/jobs/EcStMsPZvJHwiB3HPEHrtt/detail.html,https://www.ncss.cn/student/jobs/index.html,上海,行政
ncss_jobs,detail,https://www.ncss.cn/student/jobs/F3KoboJdoTnKD7xopXnbd4/detail.html,https://www.ncss.cn/student/jobs/index.html,上海,行政
ncss_jobs,detail,https://www.ncss.cn/student/jobs/GBJfGYhA8G1yi6DhddBweU/detail.html,https://www.ncss.cn/student/jobs/index.html,上海,行政
ncss_jobs,detail,https://www.ncss.cn/student/jobs/HTNgc3aarZ2DHK2wD1xQDC/detail.html,https://www.ncss.cn/student/jobs/index.html,上海,行政
ncss_jobs,detail,https://www.ncss.cn/student/jobs/HURs3jksU8ELuWr8DjyiDG/detail.html,https://www.ncss.cn/student/jobs/index.html,上海,行政
ncss_jobs,detail,https://www.ncss.cn/student/jobs/7c3jwhwDBtDABvXimAgfYF/detail.html,https://www.ncss.cn/student/jobs/index.html,上海,行政
ncss_jobs,detail,https://www.ncss.cn/student/jobs/5tFmBjEz1JmSeG88S1fPUm/detail.html,https://www.ncss.cn/student/jobs/index.html,上海,行政
ncss_jobs,detail,https://www.ncss.cn/student/jobs/MaBvFgHZ2z9238MUQ65tYU/detail.html,https://www.ncss.cn/student/jobs/index.html,上海,行政
ncss_jobs,detail,https://www.ncss.cn/student/jobs/XkhZ3VVaAbQtRYh9CB3Dx8/detail.html,https://www.ncss.cn/student/jobs/index.html,上海,行政
ncss_jobs,detail,https://www.ncss.cn/student/jobs/D5KRhaXwVv8qyUCMMRzc64/detail.html,https://www.ncss.cn/student/jobs/index.html,上海,行政
ncss_jobs,detail,https://www.ncss.cn/student/jobs/4fnx5RJeVYUN7u5KoriY7w/detail.html,https://www.ncss.cn/student/jobs/index.html,上海,行政
ncss_jobs,detail,https://www.ncss.cn/student/jobs/GaVcqX4yng32fjkekS5bq2/detail.html,https://www.ncss.cn/student/jobs/index.html,上海,行政
ncss_jobs,detail,https://www.ncss.cn/student/jobs/HTswZNhVhiphRTYSgf1B2v/detail.html,https://www.ncss.cn/student/jobs/index.html,上海,行政
ncss_jobs,detail,https://www.ncss.cn/student/jobs/HiJX3ggwpJjCRozywZtsGq/detail.html,https://www.ncss.cn/student/jobs/index.html,上海,行政
ncss_jobs,detail,https://www.ncss.cn/student/jobs/3Yj8Ex1SrxRwmrUXY1cYJ8/detail.html,https://www.ncss.cn/student/jobs/index.html,上海,行政
ncss_jobs,detail,https://www.ncss.cn/student/jobs/5F8TqKfNrr7Vg78rgQ68Vz/detail.html,https://www.ncss.cn/student/jobs/index.html,上海,行政
ncss_jobs,detail,https://www.ncss.cn/student/jobs/AFbkafiBAsmDyPeRgVUq5s/detail.html,https://www.ncss.cn/student/jobs/index.html,上海,行政
ncss_jobs,detail,https://www.ncss.cn/student/jobs/Atk4p4Thjk2hDF8uw6vM9o/detail.html,https://www.ncss.cn/student/jobs/index.html,上海,行政
